a_x,a_y,a_z,j_x,j_y,j_z
-0.31,0.09,-0.48,-0.31,0.09,-0.48
-4.86,1.45,-7.66,-4.55,1.36,-7.18
-4.96,1.51,-7.79,-0.11,0.05,-0.13
-4.97,1.53,-7.68,-0.00,0.03,0.11
-4.96,1.48,-7.66,0.00,-0.05,0.02
-4.95,1.46,-7.72,0.01,-0.02,-0.06
-4.96,1.45,-7.79,-0.01,-0.01,-0.06
-4.98,1.47,-7.76,-0.02,0.02,0.03
-4.98,1.51,-7.67,-0.01,0.04,0.09
-4.92,1.50,-7.69,0.06,-0.01,-0.02
-4.96,1.46,-7.75,-0.04,-0.04,-0.06
-4.96,1.46,-7.74,-0.00,-0.00,0.00
-4.98,1.49,-7.66,-0.02,0.03,0.08
-4.95,1.50,-7.65,0.03,0.01,0.01
-4.95,1.48,-7.74,0.00,-0.02,-0.09
-4.98,1.47,-7.76,-0.03,-0.01,-0.02
-4.98,1.46,-7.72,0.00,-0.01,0.04
-4.96,1.49,-7.71,0.02,0.03,0.01
-4.95,1.51,-7.75,0.01,0.02,-0.04
-4.99,1.47,-7.72,-0.04,-0.04,0.02
-4.98,1.45,-7.71,0.00,-0.02,0.02
-4.95,1.45,-7.72,0.03,0.01,-0.01
-4.97,1.49,-7.75,-0.01,0.04,-0.02
-4.96,1.50,-7.72,0.01,0.01,0.03
-5.01,1.49,-7.66,-0.05,-0.01,0.06
-4.95,1.46,-7.69,0.06,-0.03,-0.03
-4.95,1.46,-7.75,0.00,0.00,-0.06
-4.97,1.51,-7.74,-0.02,0.05,0.01
-4.97,1.48,-7.68,-0.00,-0.03,0.06
-4.95,1.50,-7.67,0.02,0.02,0.01
-4.97,1.48,-7.76,-0.01,-0.01,-0.09
-4.98,1.46,-7.76,-0.01,-0.03,0.00
-4.99,1.46,-7.66,-0.00,0.01,0.10
-4.97,1.48,-7.70,0.02,0.02,-0.04
-4.97,1.49,-7.74,0.00,0.01,-0.03
-4.95,1.48,-7.74,0.02,-0.00,0.00
-4.98,1.47,-7.69,-0.03,-0.01,0.04
-4.97,1.49,-7.70,0.01,0.01,-0.01
-4.98,1.49,-7.76,-0.01,0.00,-0.06
-4.97,1.48,-7.72,0.00,-0.00,0.04
-4.95,1.45,-7.67,0.02,-0.03,0.06
-4.93,1.46,-7.70,0.02,0.01,-0.03
-4.97,1.50,-7.72,-0.04,0.04,-0.02
-4.96,1.50,-7.73,0.01,-0.01,-0.01
-4.99,1.49,-7.70,-0.03,-0.01,0.03
-4.96,1.46,-7.70,0.03,-0.03,-0.01
-4.95,1.47,-7.76,0.00,0.01,-0.05
-4.97,1.49,-7.74,-0.02,0.02,0.01
-4.97,1.52,-7.68,0.00,0.03,0.06
-4.95,1.48,-7.69,0.02,-0.04,-0.01
-4.97,1.48,-7.73,-0.02,0.00,-0.04
-4.97,1.47,-7.75,0.00,-0.01,-0.01
-4.96,1.49,-7.72,0.00,0.03,0.03
-4.96,1.49,-7.70,0.01,0.00,0.02
-4.97,1.48,-7.76,-0.01,-0.02,-0.06
-4.98,1.48,-7.73,-0.01,0.01,0.03
-4.98,1.47,-7.71,-0.00,-0.01,0.02
-4.96,1.48,-7.68,0.02,0.01,0.02
-4.95,1.49,-7.73,0.01,0.01,-0.05
-4.97,1.50,-7.72,-0.02,0.01,0.00
-4.98,1.47,-7.71,-0.01,-0.03,0.01
-4.98,1.48,-7.71,0.01,0.01,-0.00
-4.97,1.49,-7.73,0.00,0.01,-0.02
-4.96,1.49,-7.69,0.01,0.00,0.04
-4.96,1.48,-7.70,0.00,-0.02,-0.01
-4.96,1.46,-7.70,-0.01,-0.02,0.00
-4.95,1.50,-7.75,0.01,0.04,-0.04
-4.98,1.49,-7.71,-0.02,-0.00,0.04
-4.96,1.50,-7.69,0.01,0.00,0.02
-4.97,1.48,-7.72,-0.00,-0.01,-0.03
-4.97,1.46,-7.79,-0.00,-0.02,-0.07
-4.95,1.47,-7.73,0.02,0.01,0.06
-4.96,1.49,-7.72,-0.02,0.02,0.01
-4.97,1.50,-7.71,-0.00,0.01,0.01
-4.97,1.51,-7.74,0.00,0.01,-0.03
-4.95,1.46,-7.74,0.01,-0.05,-0.00
-4.96,1.48,-7.71,-0.01,0.02,0.03
-4.96,1.49,-7.73,0.01,0.01,-0.02
-4.96,1.49,-7.72,-0.00,0.00,0.01
-4.98,1.49,-7.73,-0.02,-0.00,-0.01
-4.96,1.48,-7.73,0.02,-0.01,0.00
-4.96,1.47,-7.73,-0.00,-0.01,-0.00
-4.97,1.49,-7.72,-0.01,0.01,0.01
-4.98,1.49,-7.72,-0.00,0.01,0.00
-4.98,1.47,-7.71,-0.00,-0.02,0.01
-4.95,1.47,-7.71,0.03,0.00,0.01
-4.96,1.49,-7.75,-0.01,0.02,-0.05
-4.96,1.50,-7.72,-0.00,0.00,0.03
-4.96,1.49,-7.72,0.01,-0.01,-0.00
-4.97,1.49,-7.71,-0.01,0.00,0.02
-4.95,1.46,-7.74,0.02,-0.03,-0.04
-4.97,1.48,-7.69,-0.02,0.02,0.05
-4.97,1.48,-7.70,0.00,0.00,-0.00
-4.96,1.49,-7.72,0.00,0.01,-0.02
-4.96,1.48,-7.75,0.00,-0.01,-0.03
-4.97,1.46,-7.70,-0.01,-0.02,0.05
-4.98,1.48,-7.70,-0.00,0.02,0.00
-4.96,1.49,-7.72,0.02,0.01,-0.02
-4.94,1.48,-7.73,0.01,-0.01,-0.01
-4.95,1.47,-7.72,-0.01,-0.01,0.01
-4.96,1.49,-7.71,-0.00,0.02,0.00
-4.97,1.48,-7.74,-0.01,-0.01,-0.02
-4.94,1.48,-7.70,0.03,0.00,0.03
-4.95,1.50,-7.74,-0.01,0.02,-0.03
-4.99,1.49,-7.72,-0.04,-0.01,0.02
-4.98,1.49,-7.70,0.01,-0.00,0.02
-4.95,1.49,-7.72,0.03,-0.00,-0.02
-4.96,1.48,-7.73,-0.02,-0.01,-0.01
-4.97,1.47,-7.69,-0.01,-0.01,0.04
-4.95,1.48,-7.73,0.02,0.02,-0.04
-4.96,1.47,-7.74,-0.01,-0.01,-0.00
-4.96,1.47,-7.72,-0.00,0.00,0.02
-4.97,1.49,-7.71,-0.01,0.01,0.01
-4.96,1.48,-7.73,0.00,-0.00,-0.02
-4.98,1.48,-7.73,-0.02,-0.00,0.00
-4.97,1.47,-7.73,0.01,-0.00,0.00
-4.97,1.47,-7.71,0.00,0.00,0.02
-4.98,1.48,-7.70,-0.01,0.01,0.01
-4.94,1.47,-7.75,0.05,-0.01,-0.05
-4.96,1.48,-7.75,-0.03,0.01,-0.00
-4.96,1.47,-7.74,0.01,-0.02,0.01
-4.97,1.49,-7.72,-0.01,0.02,0.02
-4.96,1.47,-7.74,0.00,-0.02,-0.01
-4.98,1.49,-7.73,-0.02,0.02,0.01
-4.98,1.49,-7.73,0.00,0.00,-0.00
-4.95,1.49,-7.73,0.03,-0.00,0.00
-4.98,1.52,-7.74,-0.03,0.03,-0.00
-4.95,1.47,-7.73,0.04,-0.05,0.01
-4.97,1.50,-7.72,-0.02,0.03,0.01
-4.97,1.48,-7.72,-0.00,-0.02,-0.01
-4.95,1.47,-7.73,0.02,-0.01,-0.01
-4.97,1.48,-7.69,-0.02,0.01,0.04
-4.97,1.47,-7.71,0.00,-0.01,-0.02
-4.96,1.50,-7.73,0.00,0.03,-0.02
-4.99,1.48,-7.74,-0.02,-0.02,-0.01
-4.98,1.50,-7.70,0.00,0.02,0.04
-4.97,1.49,-7.69,0.01,-0.01,0.01
-4.98,1.49,-7.72,-0.01,0.00,-0.03
-4.97,1.47,-7.69,0.01,-0.01,0.02
-4.97,1.47,-7.73,-0.00,-0.01,-0.03
-4.97,1.49,-7.68,0.00,0.02,0.04
-4.94,1.51,-7.69,0.02,0.02,-0.01
-4.97,1.48,-7.71,-0.02,-0.03,-0.01
-4.98,1.47,-7.72,-0.01,-0.01,-0.01
-4.96,1.47,-7.70,0.01,0.00,0.01
-4.97,1.48,-7.70,-0.01,0.01,-0.00
-4.96,1.48,-7.72,0.01,-0.00,-0.02
-4.95,1.48,-7.71,0.01,0.00,0.01
-4.96,1.48,-7.72,-0.01,0.00,-0.01
-4.96,1.48,-7.71,-0.00,-0.00,0.01
-4.97,1.49,-7.72,-0.00,0.01,-0.00
-4.96,1.48,-7.70,0.01,-0.00,0.01
-4.96,1.48,-7.72,0.00,-0.01,-0.01
-4.96,1.48,-7.69,0.00,0.00,0.03
-4.95,1.48,-7.71,0.01,0.00,-0.02
-4.96,1.48,-7.70,-0.01,0.00,0.01
-4.97,1.50,-7.72,-0.01,0.02,-0.02
-4.97,1.49,-7.71,0.00,-0.01,0.00
-4.96,1.48,-7.72,0.01,-0.01,-0.01
-4.96,1.50,-7.73,-0.00,0.02,-0.01
-4.96,1.45,-7.71,0.00,-0.04,0.02
-4.96,1.49,-7.73,-0.00,0.03,-0.02
-4.96,1.47,-7.70,-0.00,-0.01,0.03
-4.98,1.47,-7.70,-0.02,-0.00,0.00
-4.96,1.49,-7.73,0.02,0.02,-0.03
-4.96,1.47,-7.71,0.00,-0.01,0.02
-4.97,1.50,-7.73,-0.01,0.02,-0.02
-4.96,1.48,-7.70,0.01,-0.02,0.02
-4.95,1.48,-7.73,0.00,-0.00,-0.02
-4.96,1.47,-7.75,-0.01,-0.01,-0.02
-4.98,1.49,-7.73,-0.01,0.02,0.02
-4.97,1.49,-7.71,0.00,0.00,0.02
-4.98,1.47,-7.74,-0.01,-0.02,-0.03
-4.95,1.48,-7.73,0.03,0.01,0.01
-4.98,1.47,-7.70,-0.03,-0.01,0.02
-4.97,1.47,-7.75,0.01,0.01,-0.04
-4.94,1.47,-7.70,0.03,-0.00,0.04
-4.96,1.48,-7.73,-0.01,0.01,-0.03
-4.94,1.49,-7.73,0.01,0.01,0.00
-4.97,1.50,-7.71,-0.02,0.01,0.02
-4.98,1.49,-7.69,-0.01,-0.01,0.02
-4.97,1.47,-7.74,0.01,-0.01,-0.05
-4.98,1.46,-7.73,-0.01,-0.02,0.01
-4.95,1.48,-7.71,0.03,0.03,0.02
-4.96,1.49,-7.73,-0.01,0.01,-0.02
-4.96,1.48,-7.73,-0.00,-0.01,0.00
-4.94,1.47,-7.72,0.02,-0.02,0.01
-4.96,1.47,-7.73,-0.02,0.00,-0.01
-4.95,1.48,-7.75,0.01,0.01,-0.02
-4.97,1.46,-7.78,-0.02,-0.02,-0.03
-4.97,1.47,-7.72,0.00,0.01,0.06
-4.97,1.46,-7.75,-0.01,-0.01,-0.04
-4.97,1.49,-7.72,0.00,0.02,0.04
-4.92,1.51,-7.71,0.05,0.03,0.01
-4.97,1.48,-7.75,-0.05,-0.03,-0.05
-4.96,1.46,-7.73,0.01,-0.03,0.02
-4.96,1.44,-7.71,0.00,-0.01,0.02
-4.95,1.48,-7.74,0.01,0.04,-0.03
-4.96,1.50,-7.74,-0.01,0.02,-0.00
-4.98,1.50,-7.70,-0.02,-0.01,0.04
-4.96,1.49,-7.74,0.02,-0.01,-0.04
-4.93,1.47,-7.74,0.02,-0.02,0.00
-4.97,1.47,-7.75,-0.04,0.00,-0.01
-4.97,1.50,-7.71,0.00,0.02,0.03
-4.95,1.49,-7.69,0.02,-0.00,0.03
-4.97,1.48,-7.75,-0.02,-0.01,-0.06
-4.96,1.51,-7.80,0.01,0.03,-0.05
-4.97,1.50,-7.75,-0.01,-0.01,0.05
-4.95,1.49,-7.70,0.02,-0.01,0.05
-4.96,1.49,-7.73,-0.01,0.00,-0.03
-4.96,1.46,-7.74,0.00,-0.03,-0.01
-4.97,1.48,-7.70,-0.01,0.02,0.04
-4.97,1.48,-7.74,0.00,0.00,-0.03
-4.97,1.48,-7.74,-0.00,-0.00,-0.01
-4.97,1.49,-7.74,0.00,0.01,0.00
-4.96,1.49,-7.73,0.01,-0.00,0.01
-4.96,1.47,-7.70,0.00,-0.01,0.03
-4.94,1.47,-7.69,0.01,-0.00,0.01
-4.95,1.50,-7.71,-0.01,0.03,-0.02
-4.96,1.48,-7.71,-0.01,-0.01,-0.00
-4.98,1.47,-7.72,-0.01,-0.01,-0.01
-4.94,1.47,-7.74,0.03,0.00,-0.02
-4.95,1.47,-7.73,-0.01,-0.00,0.01
-4.97,1.49,-7.73,-0.02,0.01,-0.01
-4.96,1.47,-7.72,0.01,-0.02,0.01
-4.96,1.49,-7.72,0.00,0.02,0.00
-4.97,1.50,-7.75,-0.01,0.01,-0.04
-4.95,1.49,-7.74,0.02,-0.01,0.02
-4.97,1.49,-7.73,-0.01,0.00,0.01
-4.94,1.49,-7.75,0.03,-0.01,-0.02
-4.96,1.47,-7.75,-0.02,-0.01,-0.00
-4.96,1.48,-7.72,0.00,0.00,0.03
-4.98,1.51,-7.75,-0.01,0.03,-0.03
-4.97,1.49,-7.70,0.01,-0.02,0.05
-4.94,1.48,-7.72,0.02,-0.01,-0.02
-4.96,1.47,-7.74,-0.02,-0.00,-0.02
-4.94,1.50,-7.73,0.02,0.02,0.01
-4.95,1.49,-7.71,-0.01,-0.01,0.01
-4.96,1.49,-7.72,-0.01,-0.00,-0.00
-4.98,1.48,-7.70,-0.01,-0.00,0.01
-4.96,1.47,-7.73,0.01,-0.01,-0.03
-4.96,1.47,-7.72,0.00,0.00,0.01
-4.97,1.48,-7.72,-0.01,0.00,-0.00
-4.97,1.49,-7.71,-0.00,0.01,0.01
-4.97,1.49,-7.69,0.00,-0.00,0.02
-4.95,1.48,-7.75,0.01,-0.01,-0.06
-4.95,1.48,-7.73,0.01,0.00,0.02
-4.96,1.47,-7.74,-0.01,-0.01,-0.01
-4.96,1.49,-7.70,0.00,0.02,0.04
-4.98,1.48,-7.74,-0.02,-0.01,-0.03
-4.95,1.47,-7.71,0.03,-0.01,0.03
-4.94,1.47,-7.76,0.00,0.00,-0.06
-4.96,1.48,-7.74,-0.02,0.01,0.03
-4.94,1.50,-7.74,0.02,0.02,-0.00
-4.96,1.47,-7.74,-0.02,-0.02,0.00
-4.96,1.46,-7.70,0.00,-0.01,0.04
-4.98,1.48,-7.73,-0.02,0.02,-0.03
-4.97,1.49,-7.76,0.01,0.00,-0.03
-4.96,1.48,-7.72,0.00,-0.01,0.04
-4.95,1.50,-7.70,0.01,0.02,0.01
-4.95,1.50,-7.73,0.00,0.00,-0.03
-4.96,1.47,-7.75,-0.01,-0.02,-0.01
-4.97,1.49,-7.72,-0.00,0.02,0.03
-4.97,1.48,-7.70,0.00,-0.01,0.01
-4.96,1.47,-7.70,0.01,-0.01,0.00
-4.95,1.47,-7.73,0.01,0.00,-0.02
-4.97,1.49,-7.75,-0.02,0.02,-0.03
-4.97,1.49,-7.72,-0.00,-0.00,0.03
-4.97,1.50,-7.72,0.00,0.01,0.00
-4.95,1.47,-7.74,0.02,-0.03,-0.01
-4.96,1.48,-7.74,-0.02,0.01,-0.00
-4.98,1.48,-7.74,-0.02,-0.00,-0.00
-4.96,1.49,-7.73,0.03,0.01,0.01
-4.97,1.49,-7.71,-0.01,0.00,0.02
-4.97,1.48,-7.72,-0.00,-0.00,-0.00
-4.97,1.47,-7.70,0.00,-0.01,0.01
-4.98,1.48,-7.73,-0.00,0.01,-0.02
-4.99,1.50,-7.71,-0.01,0.01,0.01
-4.95,1.46,-7.70,0.04,-0.03,0.01
-4.94,1.47,-7.72,0.01,0.01,-0.02
-4.95,1.48,-7.72,-0.01,0.01,0.00
-4.94,1.50,-7.73,0.00,0.01,-0.01
-4.97,1.49,-7.72,-0.02,-0.00,0.01
-4.96,1.49,-7.72,0.01,-0.00,0.00
-4.97,1.49,-7.73,-0.01,0.00,-0.00
-4.95,1.49,-7.76,0.02,0.00,-0.03
-4.96,1.48,-7.75,-0.01,-0.01,0.01
-4.96,1.51,-7.72,-0.01,0.03,0.03
-4.95,1.47,-7.71,0.01,-0.04,0.01
-4.97,1.47,-7.74,-0.02,-0.00,-0.02
-4.95,1.48,-7.73,0.02,0.01,0.01
-4.95,1.49,-7.73,0.00,0.01,0.00
-4.96,1.48,-7.71,-0.01,-0.01,0.01
-4.96,1.49,-7.72,-0.00,0.01,-0.00
-4.95,1.47,-7.73,0.01,-0.03,-0.01
-4.97,1.47,-7.74,-0.02,0.00,-0.01
-4.96,1.48,-7.73,0.00,0.02,0.01
-4.95,1.48,-7.73,0.01,-0.01,-0.00
-4.95,1.48,-7.71,0.00,0.00,0.02
-4.97,1.48,-7.74,-0.02,0.00,-0.03
-4.99,1.47,-7.74,-0.02,-0.01,-0.00
-4.97,1.41,-7.68,0.02,-0.05,0.06
-4.87,1.52,-7.75,0.10,0.11,-0.07
-4.94,1.58,-7.80,-0.07,0.06,-0.05
-5.05,1.46,-7.74,-0.11,-0.12,0.06
-4.99,1.44,-7.59,0.06,-0.02,0.14
-4.92,1.46,-7.72,0.08,0.02,-0.13
-4.92,1.51,-7.88,0.00,0.05,-0.16
-4.95,1.56,-7.74,-0.04,0.06,0.14
-4.98,1.46,-7.62,-0.03,-0.10,0.12
-4.94,1.47,-7.69,0.04,0.01,-0.07
-4.93,1.48,-7.82,0.01,0.01,-0.13
-4.98,1.46,-7.83,-0.05,-0.02,-0.00
-5.01,1.50,-7.67,-0.03,0.04,0.15
-4.93,1.47,-7.70,0.08,-0.04,-0.03
-4.93,1.47,-7.76,-0.00,0.00,-0.06
-4.95,1.48,-7.78,-0.02,0.01,-0.01
-4.96,1.52,-7.72,-0.01,0.03,0.05
-4.93,1.50,-7.67,0.03,-0.02,0.06
-4.95,1.45,-7.76,-0.02,-0.05,-0.10
-4.98,1.44,-7.76,-0.03,-0.01,0.00
-4.97,1.47,-7.70,0.01,0.03,0.06
-4.95,1.51,-7.70,0.02,0.04,-0.00
-4.93,1.50,-7.76,0.02,-0.01,-0.06
-4.98,1.48,-7.75,-0.05,-0.02,0.02
-4.98,1.44,-7.69,0.00,-0.04,0.06
-4.93,1.48,-7.71,0.05,0.04,-0.02
-4.95,1.50,-7.77,-0.02,0.02,-0.06
-4.97,1.49,-7.74,-0.02,-0.00,0.03
-4.98,1.48,-7.69,-0.01,-0.01,0.05
-4.96,1.47,-7.72,0.02,-0.01,-0.03
-4.95,1.46,-7.79,0.01,-0.01,-0.06
-4.96,1.49,-7.76,-0.01,0.03,0.03
-4.95,1.49,-7.68,0.01,0.00,0.08
-4.96,1.48,-7.68,-0.00,-0.01,-0.00
-4.87,1.48,-8.07,0.08,-0.00,-0.39
-5.04,1.45,-7.31,-0.17,-0.03,0.75
-5.04,1.49,-7.57,0.01,0.04,-0.25
-4.89,1.48,-7.85,0.15,-0.01,-0.28
-4.95,1.49,-7.94,-0.06,0.01,-0.10
-5.04,1.48,-7.71,-0.09,-0.01,0.23
-5.04,1.48,-7.58,0.00,-0.01,0.13
-4.97,1.48,-7.69,0.07,0.00,-0.11
-4.97,1.50,-7.85,0.00,0.03,-0.16
-4.96,1.46,-7.51,0.01,-0.04,0.34
-4.92,1.45,-7.59,0.04,-0.01,-0.08
-5.75,1.45,-7.66,-0.82,0.00,-0.06
-4.56,1.69,-8.94,1.18,0.24,-1.29
-4.45,0.82,-8.20,0.11,-0.87,0.74
-4.19,2.57,-8.03,0.26,1.75,0.17
-4.31,1.37,-8.72,-0.12,-1.20,-0.69
-2.66,0.77,-9.14,1.65,-0.60,-0.42
-4.52,1.66,-9.31,-1.85,0.90,-0.17
-4.57,1.01,-8.81,-0.06,-0.65,0.50
-4.03,0.77,-9.33,0.54,-0.24,-0.53
-4.73,0.31,-8.43,-0.70,-0.46,0.90
-4.24,0.40,-9.01,0.49,0.09,-0.58
-3.42,-0.48,-8.79,0.82,-0.89,0.22
-4.40,-0.72,-8.26,-0.98,-0.23,0.53
-3.61,-1.23,-8.31,0.79,-0.51,-0.05
-2.94,-2.25,-7.36,0.67,-1.02,0.95
-3.03,-2.98,-8.15,-0.09,-0.73,-0.78
-2.71,-3.83,-8.83,0.32,-0.85,-0.68
-1.44,-3.89,-7.45,1.27,-0.06,1.37
-2.36,-5.05,-8.54,-0.92,-1.17,-1.09
-3.01,-5.49,-7.90,-0.64,-0.44,0.64
-2.66,-6.63,-8.41,0.35,-1.14,-0.51
-2.50,-6.45,-6.91,0.16,0.17,1.50
1.13,-6.34,-8.58,3.63,0.11,-1.67
2.29,-8.48,-6.16,1.16,-2.14,2.42
0.63,-7.30,-5.40,-1.67,1.18,0.75
1.41,-7.41,-6.75,0.78,-0.11,-1.35
2.65,-10.75,-4.81,1.24,-3.34,1.94
5.72,-5.66,-6.28,3.07,5.09,-1.47
4.56,-9.45,-4.75,-1.16,-3.79,1.53
4.24,-10.51,-2.36,-0.32,-1.07,2.39
7.94,-4.11,-6.07,3.70,6.40,-3.71
4.77,-8.19,-2.35,-3.17,-4.08,3.72
7.02,-6.30,-0.85,2.25,1.89,1.50
8.56,-3.25,-2.55,1.54,3.04,-1.70
9.84,-3.00,0.39,1.28,0.26,2.94
10.80,-0.87,0.30,0.96,2.13,-0.09
9.19,0.72,0.49,-1.61,1.59,0.20
8.44,-0.34,1.89,-0.75,-1.06,1.40
10.36,-1.55,0.63,1.92,-1.22,-1.26
10.41,-3.17,-0.01,0.05,-1.62,-0.64
8.13,-7.88,0.21,-2.29,-4.71,0.21
6.12,-11.82,0.91,-2.00,-3.93,0.70
9.19,-11.40,-0.63,3.07,0.42,-1.54
10.20,-7.71,-0.42,1.01,3.68,0.21
8.28,-0.77,1.17,-1.92,6.95,1.59
7.74,2.29,0.15,-0.55,3.06,-1.01
11.68,5.53,-0.42,3.95,3.24,-0.58
10.31,5.05,-0.83,-1.37,-0.48,-0.41
12.80,3.11,0.93,2.49,-1.94,1.76
12.08,1.34,1.14,-0.72,-1.77,0.21
11.21,-0.12,-0.69,-0.87,-1.46,-1.83
10.29,0.95,-0.03,-0.92,1.08,0.65
9.44,2.76,0.40,-0.85,1.81,0.44
13.28,4.14,0.87,3.85,1.38,0.47
15.07,1.69,1.04,1.79,-2.46,0.16
12.90,-0.67,-0.26,-2.17,-2.36,-1.30
2.25,-10.67,-2.84,-10.65,-9.99,-2.58
2.98,-15.15,-1.15,0.74,-4.48,1.69
3.63,-11.84,0.34,0.65,3.31,1.49
4.21,-9.75,0.18,0.58,2.08,-0.16
8.15,-8.11,1.36,3.94,1.65,1.18
6.27,-5.75,1.08,-1.88,2.36,-0.28
6.05,-7.72,0.44,-0.22,-1.97,-0.64
8.99,-10.64,0.76,2.94,-2.92,0.32
7.96,-11.70,-0.47,-1.03,-1.06,-1.23
11.99,-3.47,-0.69,4.03,8.22,-0.22
7.86,1.99,1.53,-4.13,5.46,2.22
14.30,4.63,0.12,6.44,2.64,-1.41
11.72,4.01,-0.01,-2.57,-0.63,-0.13
11.93,1.42,-0.09,0.21,-2.58,-0.08
12.61,-0.77,0.09,0.68,-2.20,0.18
9.52,-1.76,0.08,-3.10,-0.99,-0.01
7.86,-2.32,-0.25,-1.65,-0.56,-0.33
9.17,-4.66,0.30,1.30,-2.34,0.55
10.20,-1.99,-0.09,1.03,2.66,-0.40
9.00,-3.35,0.33,-1.20,-1.36,0.43
11.40,-5.16,-0.47,2.40,-1.81,-0.81
6.92,-3.58,-0.93,-4.48,1.58,-0.45
4.13,-6.06,-1.72,-2.79,-2.48,-0.79
6.95,-5.61,-1.07,2.82,0.45,0.65
8.42,-1.97,-4.05,1.47,3.64,-2.98
5.63,-5.51,-13.22,-2.79,-3.54,-9.17
2.91,-0.46,-9.84,-2.72,5.05,3.38
6.34,-4.78,-8.94,3.43,-4.32,0.89
-1.64,-3.11,-5.61,-7.98,1.68,3.33
-1.36,-4.46,-9.92,0.28,-1.36,-4.31
-1.09,-1.14,-12.63,0.27,3.32,-2.70
-7.48,-2.53,-4.53,-6.39,-1.39,8.10
-1.55,-2.69,-10.42,5.93,-0.16,-5.89
-3.39,-2.29,-8.36,-1.84,0.40,2.06
-7.11,-2.11,-5.87,-3.71,0.18,2.49
-3.50,-1.78,-11.00,3.61,0.33,-5.13
-4.81,-1.42,-7.28,-1.31,0.36,3.72
-1.78,-3.22,-10.75,3.03,-1.80,-3.48
-4.11,-1.53,-7.89,-2.33,1.69,2.87
-4.66,-1.10,-7.72,-0.56,0.43,0.17
-3.08,-1.41,-9.45,1.58,-0.31,-1.73
-5.85,0.76,-8.75,-2.77,2.17,0.70
-3.94,-1.16,-7.38,1.91,-1.92,1.37
-3.71,1.01,-10.08,0.23,2.17,-2.70
-2.54,-0.96,-7.17,1.17,-1.96,2.92
-5.21,-1.88,-7.18,-2.67,-0.93,-0.01
-5.68,-0.73,-7.31,-0.47,1.15,-0.14
-1.52,-3.00,-9.51,4.16,-2.27,-2.20
-7.99,-1.00,-5.30,-6.47,2.00,4.22
-8.08,-0.57,-6.22,-0.09,0.42,-0.92
-0.24,-2.72,-11.15,7.83,-2.15,-4.94
-1.89,-1.05,-9.02,-1.65,1.67,2.13
-1.23,-3.52,-7.17,0.66,-2.47,1.85
-1.83,-3.10,-8.23,-0.60,0.42,-1.05
-4.04,-1.01,-10.48,-2.21,2.10,-2.25
-3.74,-1.47,-13.28,0.30,-0.46,-2.81
-5.05,-1.09,-8.73,-1.31,0.38,4.55
6.18,-2.84,-9.07,11.23,-1.76,-0.34
-6.49,2.06,-5.98,-12.67,4.90,3.10
-1.23,-2.08,-5.55,5.26,-4.14,0.43
-7.67,-2.00,-9.68,-6.44,0.08,-4.13
0.11,-1.47,-6.85,7.77,0.54,2.83
-2.13,-2.42,-7.89,-2.23,-0.96,-1.03
-5.74,-1.78,-7.75,-3.61,0.64,0.13
-4.29,-1.35,-8.79,1.45,0.43,-1.04
-4.44,-1.97,-7.83,-0.15,-0.62,0.97
-6.98,-0.72,-7.92,-2.54,1.25,-0.09
-2.51,-1.78,-9.04,4.47,-1.06,-1.13
-3.13,-3.42,-7.24,-0.62,-1.64,1.80
-1.98,-0.24,-9.40,1.15,3.18,-2.16
-0.81,-1.08,-9.94,1.17,-0.84,-0.54
-2.95,-2.28,-8.48,-2.15,-1.21,1.47
-3.79,-3.36,-8.88,-0.84,-1.07,-0.40
-3.86,-5.49,-10.84,-0.07,-2.14,-1.96
-4.38,-5.18,-9.37,-0.51,0.32,1.47
-1.87,-2.92,-10.59,2.51,2.26,-1.23
-3.06,-3.49,-7.21,-1.19,-0.57,3.39
-2.43,-1.22,-8.99,0.63,2.27,-1.78
-1.85,-2.85,-7.71,0.58,-1.63,1.28
-1.39,-2.43,-6.56,0.46,0.42,1.15
-2.69,-1.69,-11.57,-1.31,0.74,-5.02
-0.00,-2.67,-6.50,2.69,-0.98,5.07
-4.74,-3.32,-11.76,-4.74,-0.66,-5.25
-2.01,-5.44,-5.46,2.73,-2.12,6.29
-2.20,-4.05,-8.91,-0.19,1.40,-3.45
-3.24,-4.34,-8.36,-1.04,-0.29,0.55
-3.50,-6.79,-7.13,-0.26,-2.45,1.24
-2.39,-5.73,-7.01,1.11,1.07,0.12
-1.02,-4.70,-7.58,1.37,1.02,-0.57
-1.93,-4.62,-7.93,-0.91,0.08,-0.35
-0.62,-4.00,-8.38,1.30,0.62,-0.45
-0.81,-2.49,-8.69,-0.19,1.51,-0.31
-0.93,-0.56,-8.08,-0.12,1.93,0.61
1.10,-1.08,-10.78,2.03,-0.52,-2.70
-2.96,-4.11,-5.93,-4.06,-3.03,4.85
-5.68,-10.46,-6.85,-2.72,-6.35,-0.92
-9.04,-17.53,-3.90,-3.36,-7.07,2.95
-5.38,-6.95,-8.09,3.67,10.58,-4.18
-2.43,0.65,-9.77,2.95,7.60,-1.69
-0.66,2.48,-8.30,1.77,1.82,1.48
0.54,2.24,-9.84,1.20,-0.24,-1.54
-0.63,1.23,-10.29,-1.17,-1.01,-0.45
-1.52,-2.51,-7.36,-0.89,-3.73,2.93
-3.57,-6.43,-7.43,-2.05,-3.92,-0.07
-5.50,-8.82,-7.00,-1.92,-2.39,0.43
-6.02,-11.81,-5.35,-0.52,-2.99,1.65
-4.71,-7.00,-6.76,1.31,4.81,-1.41
-5.25,-8.23,-6.69,-0.55,-1.23,0.07
-5.11,-6.53,-6.53,0.14,1.70,0.16
-3.13,-2.10,-7.94,1.98,4.43,-1.41
0.06,2.43,-9.04,3.18,4.53,-1.09
0.65,2.15,-9.31,0.60,-0.28,-0.27
-0.79,-1.03,-9.33,-1.44,-3.18,-0.02
-5.09,-7.43,-5.02,-4.30,-6.40,4.31
-7.34,-12.78,-5.17,-2.25,-5.35,-0.16
-6.73,-11.36,-5.95,0.61,1.42,-0.78
-4.11,-4.52,-7.72,2.62,6.84,-1.77
-2.52,-0.33,-8.71,1.58,4.19,-0.99
-1.13,1.21,-8.73,1.40,1.54,-0.02
-0.32,1.11,-9.33,0.80,-0.10,-0.60
-1.77,-2.89,-7.27,-1.45,-4.01,2.06
-4.85,-7.41,-5.52,-3.08,-4.52,1.75
-6.03,-11.08,-6.30,-1.18,-3.67,-0.79
-6.61,-11.58,-5.28,-0.58,-0.50,1.02
-4.92,-6.61,-6.69,1.69,4.97,-1.41
-3.61,-2.11,-8.17,1.31,4.49,-1.48
-2.56,-0.13,-8.47,1.05,1.98,-0.30
-1.39,0.58,-9.33,1.17,0.71,-0.85
-2.04,-0.64,-8.55,-0.65,-1.22,0.78
-2.41,-3.27,-7.80,-0.36,-2.62,0.75
-4.53,-6.00,-6.10,-2.13,-2.73,1.70
-5.78,-7.63,-6.06,-1.25,-1.63,0.04
-6.44,-11.53,-5.16,-0.66,-3.90,0.90
-5.52,-9.87,-5.58,0.92,1.66,-0.42
-4.76,-5.11,-6.47,0.75,4.76,-0.89
-3.65,-1.57,-7.40,1.11,3.54,-0.92
-2.53,0.49,-8.62,1.12,2.05,-1.22
-2.37,1.28,-9.60,0.16,0.79,-0.98
-2.44,-1.93,-8.20,-0.07,-3.21,1.40
-3.50,-3.97,-7.07,-1.06,-2.04,1.13
-4.30,-6.91,-6.33,-0.79,-2.94,0.74
-7.10,-11.67,-3.46,-2.81,-4.75,2.87
-7.25,-11.96,-4.13,-0.15,-0.29,-0.67
-5.24,-4.95,-7.46,2.01,7.01,-3.34
-4.26,-1.75,-8.01,0.98,3.19,-0.55
-2.80,-0.14,-8.55,1.46,1.61,-0.54
-1.63,0.63,-9.11,1.17,0.77,-0.56
-1.49,-2.13,-7.90,0.14,-2.76,1.21
-2.75,-5.51,-6.29,-1.26,-3.38,1.61
-3.68,-6.24,-6.82,-0.93,-0.73,-0.53
-3.97,-8.06,-6.65,-0.30,-1.81,0.17
-3.52,-7.37,-6.00,0.45,0.69,0.65
-1.05,-6.31,-8.21,2.47,1.06,-2.21
-0.29,-6.68,-5.80,0.76,-0.37,2.41
1.19,-8.15,-7.28,1.48,-1.47,-1.47
-2.00,-6.48,-9.87,-3.19,1.66,-2.59
-0.36,-8.84,-6.09,1.64,-2.35,3.78
4.75,-8.82,-6.18,5.11,0.01,-0.10
3.02,-10.38,-3.54,-1.73,-1.56,2.64
4.51,-8.77,-6.74,1.49,1.61,-3.20
5.82,-8.32,-2.84,1.31,0.45,3.90
5.56,-3.59,-6.91,-0.26,4.72,-4.07
5.47,-8.52,1.02,-0.09,-4.93,7.94
5.56,-8.76,2.42,0.09,-0.23,1.39
8.82,-7.18,2.36,3.27,1.57,-0.06
10.69,-6.47,2.54,1.87,0.72,0.18
-2.56,-7.42,-3.44,-13.26,-0.96,-5.98
9.65,-5.88,10.05,12.22,1.55,13.49
0.75,-8.56,2.20,-8.90,-2.69,-7.85
4.46,-6.31,3.64,3.70,2.25,1.45
4.43,-7.25,9.01,-0.03,-0.94,5.37
2.36,-7.96,5.63,-2.07,-0.71,-3.38
4.31,-8.37,6.47,1.95,-0.41,0.84
3.71,-8.40,5.65,-0.60,-0.03,-0.82
3.11,-8.04,5.37,-0.60,0.35,-0.28
3.88,-8.03,6.63,0.77,0.01,1.26
3.00,-7.86,5.91,-0.88,0.17,-0.73
3.99,-7.98,6.62,0.99,-0.12,0.72
5.79,-11.59,6.24,1.80,-3.61,-0.39
4.36,-14.59,4.88,-1.43,-3.00,-1.36
4.90,-7.53,6.72,0.54,7.06,1.84
3.84,1.81,8.69,-1.06,9.33,1.97
2.61,4.59,9.13,-1.23,2.79,0.44
3.12,2.80,10.24,0.51,-1.80,1.11
2.43,-1.73,8.84,-0.69,-4.53,-1.40
2.86,-4.32,8.44,0.43,-2.58,-0.39
3.14,-5.35,8.08,0.28,-1.03,-0.36
3.08,-7.40,6.74,-0.06,-2.04,-1.34
2.81,-12.12,5.38,-0.27,-4.72,-1.36
5.17,-14.46,7.36,2.36,-2.35,1.98
4.29,-13.86,7.19,-0.88,0.60,-0.17
5.22,-8.43,8.31,0.93,5.43,1.12
4.01,-2.18,8.51,-1.21,6.26,0.21
2.62,1.54,8.63,-1.39,3.72,0.12
2.37,2.35,9.40,-0.25,0.81,0.77
2.39,0.86,9.51,0.02,-1.49,0.11
2.09,-2.08,8.97,-0.30,-2.94,-0.54
2.45,-4.22,8.58,0.36,-2.15,-0.39
3.60,-5.65,8.71,1.15,-1.43,0.13
3.16,-6.50,7.88,-0.45,-0.85,-0.83
2.89,-9.12,7.29,-0.26,-2.62,-0.59
4.97,-13.30,8.47,2.07,-4.17,1.18
3.24,-15.24,7.63,-1.72,-1.94,-0.84
4.13,-6.87,8.53,0.89,8.37,0.90
3.22,-0.38,8.23,-0.91,6.49,-0.30
2.72,3.83,9.03,-0.51,4.21,0.80
3.00,4.21,10.07,0.28,0.38,1.05
3.38,1.43,10.26,0.38,-2.78,0.19
2.52,-2.15,9.15,-0.86,-3.58,-1.12
2.22,-3.93,8.65,-0.30,-1.78,-0.49
2.87,-6.07,8.16,0.64,-2.14,-0.50
1.74,-9.56,7.11,-1.13,-3.49,-1.05
3.10,-13.87,7.72,1.36,-4.31,0.61
3.92,-14.15,8.88,0.82,-0.28,1.16
3.15,-10.36,7.81,-0.78,3.78,-1.07
3.27,-1.91,8.67,0.12,8.46,0.86
2.78,2.38,8.82,-0.48,4.29,0.14
2.49,4.64,10.06,-0.29,2.26,1.25
1.90,2.55,9.82,-0.58,-2.09,-0.25
2.33,-1.61,9.53,0.43,-4.15,-0.29
2.77,-3.75,9.09,0.44,-2.15,-0.44
2.12,-6.54,7.78,-0.65,-2.79,-1.31
2.33,-11.52,7.30,0.21,-4.98,-0.47
2.89,-16.45,7.34,0.56,-4.93,0.03
3.89,-11.77,8.92,1.00,4.68,1.58
3.98,-2.90,9.13,0.10,8.87,0.21
3.09,1.54,8.86,-0.89,4.45,-0.27
2.71,3.76,9.62,-0.38,2.22,0.76
2.36,2.60,10.13,-0.35,-1.16,0.51
2.65,-0.03,9.93,0.28,-2.63,-0.20
2.87,-2.13,9.40,0.22,-2.10,-0.53
2.54,-4.69,8.04,-0.33,-2.55,-1.36
2.65,-9.52,7.44,0.11,-4.83,-0.61
4.07,-15.84,8.01,1.42,-6.32,0.57
3.23,-16.14,8.32,-0.84,-0.31,0.31
3.59,-7.93,8.63,0.37,8.21,0.31
3.44,-1.65,8.61,-0.15,6.28,-0.02
2.21,5.07,9.12,-1.24,6.72,0.51
2.18,6.90,10.11,-0.03,1.83,1.00
2.05,3.47,9.99,-0.12,-3.43,-0.12
2.31,-1.70,9.18,0.25,-5.17,-0.81
2.20,-6.30,8.21,-0.11,-4.60,-0.97
3.65,-9.46,8.66,1.46,-3.16,0.44
3.91,-13.30,8.03,0.26,-3.83,-0.63
3.73,-15.53,8.39,-0.18,-2.24,0.36
4.32,-9.60,9.04,0.59,5.93,0.66
3.58,-2.54,8.82,-0.74,7.06,-0.23
2.78,3.02,9.50,-0.80,5.56,0.68
1.84,3.30,9.67,-0.94,0.29,0.17
1.54,0.52,9.62,-0.30,-2.78,-0.05
1.71,-4.35,9.19,0.17,-4.87,-0.43
1.61,-7.25,8.90,-0.10,-2.90,-0.28
1.80,-6.22,8.79,0.19,1.03,-0.11
2.41,-4.45,9.01,0.61,1.78,0.23
2.78,-4.25,9.48,0.37,0.20,0.46
2.04,-4.23,9.36,-0.75,0.02,-0.11
2.47,-3.79,9.63,0.43,0.43,0.27
2.66,-4.18,9.55,0.19,-0.38,-0.08
1.63,-4.13,8.95,-1.04,0.04,-0.61
1.87,-4.45,9.20,0.24,-0.31,0.25
2.36,-4.32,9.36,0.49,0.12,0.17
2.31,-4.38,9.37,-0.05,-0.06,0.00
2.50,-4.26,9.49,0.19,0.12,0.12
2.93,-4.36,9.58,0.42,-0.10,0.09
2.38,-4.55,9.36,-0.55,-0.19,-0.21
1.87,-4.11,9.13,-0.51,0.43,-0.24
2.38,-4.04,9.50,0.52,0.08,0.37
2.42,-4.18,9.35,0.03,-0.15,-0.15
2.21,-4.54,9.27,-0.20,-0.35,-0.09
2.31,-4.36,9.25,0.10,0.17,-0.02
2.65,-4.41,9.42,0.34,-0.04,0.17
2.07,-4.32,9.16,-0.58,0.09,-0.27
2.40,-4.25,9.37,0.33,0.07,0.22
2.61,-4.14,9.50,0.22,0.11,0.13
2.34,-3.98,9.33,-0.27,0.16,-0.17
1.98,-3.69,9.19,-0.36,0.29,-0.14
2.27,-3.41,9.40,0.29,0.27,0.20
1.88,-3.91,8.94,-0.39,-0.50,-0.46
2.29,-4.24,9.31,0.41,-0.32,0.37
2.56,-4.67,8.96,0.27,-0.44,-0.35
2.34,-4.45,8.68,-0.22,0.22,-0.28
2.62,-3.91,9.01,0.28,0.54,0.34
3.52,-4.07,9.46,0.90,-0.16,0.44
2.02,-4.42,8.42,-1.50,-0.34,-1.04
1.16,-4.55,6.62,-0.86,-0.13,-1.80
5.27,-6.71,9.09,4.11,-2.16,2.47
2.45,-6.06,7.18,-2.82,0.65,-1.91
4.69,-5.15,5.92,2.24,0.92,-1.26
5.37,-7.77,6.31,0.68,-2.63,0.40
4.06,-7.10,5.57,-1.31,0.67,-0.74
6.27,-6.86,4.49,2.21,0.24,-1.08
10.18,-8.82,7.21,3.92,-1.95,2.72
6.18,-6.54,3.68,-4.01,2.28,-3.53
8.26,-7.94,4.25,2.08,-1.40,0.58
6.28,-7.93,3.00,-1.97,0.01,-1.25
5.70,-7.49,1.84,-0.58,0.45,-1.15
8.45,-8.82,3.72,2.75,-1.33,1.87
4.05,-8.05,1.06,-4.40,0.77,-2.65
7.36,-6.36,1.10,3.31,1.69,0.04
10.64,-7.60,3.34,3.28,-1.24,2.24
6.60,-6.64,-1.62,-4.04,0.96,-4.96
9.45,-5.31,-4.14,2.85,1.32,-2.52
7.18,-7.23,0.26,-2.27,-1.91,4.40
7.14,-4.73,0.43,-0.04,2.50,0.17
14.12,-5.12,0.14,6.98,-0.39,-0.28
7.55,-3.42,-2.49,-6.56,1.70,-2.63
7.84,-5.95,-4.18,0.28,-2.54,-1.69
4.07,-4.60,-10.30,-3.77,1.35,-6.12
6.96,-3.85,-2.56,2.89,0.75,7.74
9.20,-4.39,-5.99,2.24,-0.54,-3.44
4.90,-4.73,-5.48,-4.30,-0.34,0.51
5.40,-3.18,-6.83,0.50,1.54,-1.35
5.05,-5.30,-8.92,-0.34,-2.11,-2.09
4.65,-6.50,-3.23,-0.40,-1.21,5.69
2.35,-4.21,-15.50,-2.31,2.29,-12.26
1.61,-6.30,-7.73,-0.74,-2.09,7.76
1.46,-6.10,-7.34,-0.15,0.21,0.39
-1.52,-5.49,-8.06,-2.98,0.61,-0.72
2.67,-5.27,-7.96,4.20,0.22,0.11
-0.06,-5.70,-8.35,-2.73,-0.43,-0.39
-0.13,-5.36,-8.82,-0.07,0.34,-0.47
-0.73,-6.16,-7.18,-0.60,-0.80,1.63
-1.39,-6.78,-7.18,-0.66,-0.62,0.00
-1.21,-6.45,-7.56,0.18,0.33,-0.38
-1.05,-6.10,-7.88,0.16,0.35,-0.32
-1.04,-5.78,-7.48,0.00,0.32,0.40
-0.72,-5.20,-7.37,0.33,0.57,0.12
-0.60,-4.12,-8.41,0.12,1.09,-1.04
-0.35,-3.90,-8.37,0.25,0.22,0.04
0.07,-4.05,-7.94,0.42,-0.15,0.43
-0.46,-4.75,-7.87,-0.53,-0.70,0.07
-0.99,-4.84,-8.13,-0.53,-0.09,-0.26
-0.61,-6.05,-8.14,0.38,-1.22,-0.01
-1.34,-6.22,-7.55,-0.73,-0.16,0.59
-1.35,-6.38,-7.75,-0.01,-0.16,-0.20
-0.81,-6.00,-7.93,0.53,0.38,-0.18
-0.88,-5.65,-7.64,-0.06,0.35,0.29
-1.18,-4.47,-8.53,-0.30,1.18,-0.90
-0.81,-4.68,-7.91,0.36,-0.21,0.62
-0.75,-4.98,-7.85,0.07,-0.30,0.06
-1.18,-4.85,-8.30,-0.43,0.13,-0.45
-0.93,-5.50,-7.81,0.25,-0.66,0.49
-1.21,-6.04,-7.88,-0.28,-0.54,-0.07
-0.96,-5.56,-8.00,0.25,0.48,-0.13
-1.07,-5.20,-7.98,-0.10,0.35,0.03
-0.79,-5.83,-7.12,0.27,-0.63,0.86
-0.71,-8.32,-6.58,0.08,-2.48,0.53
-1.30,-11.85,-6.00,-0.58,-3.54,0.58
-1.27,-12.19,-6.04,0.03,-0.34,-0.04
-1.65,-5.19,-8.26,-0.38,7.00,-2.22
-1.23,0.96,-8.62,0.42,6.15,-0.36
-0.91,2.50,-9.85,0.33,1.54,-1.23
-0.34,0.34,-9.98,0.56,-2.15,-0.13
-0.62,-4.26,-8.81,-0.28,-4.61,1.18
0.59,-5.20,-7.21,1.21,-0.94,1.59
-1.19,-6.77,-6.43,-1.78,-1.56,0.78
-1.26,-9.63,-6.15,-0.06,-2.86,0.28
-0.16,-11.17,-5.48,1.09,-1.54,0.67
-2.09,-12.91,-5.88,-1.92,-1.75,-0.40
-1.42,-11.77,-6.86,0.66,1.14,-0.98
-2.12,-6.99,-8.13,-0.70,4.79,-1.27
-0.81,-1.63,-8.18,1.31,5.36,-0.05
-0.77,1.16,-9.51,0.04,2.78,-1.33
-0.18,-0.62,-8.98,0.59,-1.77,0.53
0.51,-5.40,-6.92,0.69,-4.78,2.05
-0.11,-8.27,-6.32,-0.62,-2.88,0.61
-0.10,-8.86,-6.68,0.00,-0.59,-0.36
-0.55,-6.73,-7.41,-0.45,2.13,-0.73
-0.93,-5.30,-7.98,-0.38,1.44,-0.57
-0.73,-5.38,-7.98,0.20,-0.09,0.00
-0.90,-6.06,-7.91,-0.17,-0.68,0.08
-0.47,-5.84,-7.82,0.42,0.22,0.08
-0.22,-6.39,-7.05,0.26,-0.55,0.77
-0.45,-5.71,-7.14,-0.24,0.68,-0.09
0.00,-5.01,-8.16,0.45,0.70,-1.02
-0.29,-6.91,-6.16,-0.29,-1.90,2.00
-1.81,-5.99,-8.24,-1.52,0.92,-2.08
-2.36,-7.11,-7.72,-0.54,-1.12,0.52
-0.72,-7.05,-6.69,1.63,0.06,1.02
-1.39,-6.24,-7.90,-0.67,0.80,-1.21
-0.90,-6.46,-7.63,0.49,-0.22,0.27
-1.52,-5.59,-7.51,-0.62,0.87,0.12
-3.55,-4.56,-9.03,-2.04,1.03,-1.52
-2.00,-5.51,-8.71,1.56,-0.96,0.31
-2.69,-4.36,-7.94,-0.70,1.16,0.78
-1.18,-5.25,-7.35,1.51,-0.90,0.58
0.64,-6.28,-6.46,1.82,-1.03,0.90
-0.17,-5.86,-5.52,-0.80,0.42,0.94
-0.97,-5.56,-6.44,-0.80,0.30,-0.92
-1.33,-6.09,-7.89,-0.36,-0.53,-1.45
-2.25,-6.05,-6.97,-0.92,0.04,0.91
-1.59,-6.74,-7.49,0.65,-0.68,-0.52
-2.86,-5.79,-6.85,-1.26,0.94,0.65
-3.06,-6.05,-3.69,-0.21,-0.26,3.16
-0.40,-6.11,-10.91,2.67,-0.05,-7.23
-2.62,-4.38,-8.75,-2.23,1.73,2.16
-2.51,-1.85,-10.24,0.12,2.53,-1.49
-1.06,-3.17,-8.19,1.44,-1.32,2.05
-1.00,-5.40,-6.96,0.06,-2.24,1.24
-1.35,-5.97,-8.28,-0.35,-0.57,-1.33
-1.97,-7.37,-6.27,-0.62,-1.39,2.01
-1.41,-6.83,-6.31,0.56,0.54,-0.04
-1.65,-6.17,-6.79,-0.23,0.65,-0.48
-1.31,-4.50,-8.60,0.34,1.67,-1.81
-1.03,-6.53,-6.33,0.28,-2.03,2.27
-1.04,-6.14,-7.75,-0.00,0.39,-1.42
-2.73,-4.35,-9.79,-1.69,1.79,-2.04
-1.67,-5.49,-6.80,1.06,-1.14,2.98
-0.19,-7.10,-8.27,1.47,-1.61,-1.46
-1.90,-7.74,-6.55,-1.70,-0.64,1.72
-2.18,-7.00,-6.72,-0.28,0.74,-0.17
-1.52,-5.64,-6.50,0.66,1.36,0.21
-0.04,-6.24,-5.11,1.48,-0.61,1.39
-0.75,-6.12,-8.23,-0.71,0.12,-3.12
-1.05,-7.48,-4.46,-0.30,-1.36,3.78
0.07,-6.17,-8.33,1.13,1.31,-3.88
-2.12,-5.25,-8.89,-2.20,0.93,-0.56
-2.52,-4.72,-8.32,-0.40,0.52,0.57
-0.74,-6.18,-7.20,1.78,-1.46,1.12
-0.88,-7.93,-7.12,-0.14,-1.75,0.08
-2.91,-7.54,-8.81,-2.02,0.39,-1.69
-1.35,-5.71,-5.86,1.56,1.83,2.95
-0.03,-6.35,-5.06,1.32,-0.64,0.79
0.06,-6.94,-6.34,0.08,-0.58,-1.27
-0.80,-6.76,-6.79,-0.85,0.18,-0.45
0.00,-6.87,-6.54,0.80,-0.11,0.24
-0.67,-6.17,-8.01,-0.68,0.70,-1.47
-2.68,-4.70,-9.74,-2.01,1.47,-1.73
-1.39,-5.94,-7.17,1.29,-1.25,2.57
-0.68,-8.16,-6.00,0.71,-2.22,1.16
-1.74,-6.39,-9.89,-1.06,1.78,-3.89
-1.63,-6.14,-5.55,0.11,0.24,4.34
-0.56,-5.51,-7.14,1.07,0.63,-1.59
-0.43,-6.58,-6.12,0.13,-1.07,1.02
-1.29,-6.79,-6.75,-0.86,-0.21,-0.63
0.47,-7.33,-5.73,1.76,-0.54,1.02
-2.11,-4.96,-9.07,-2.58,2.36,-3.33
-2.23,-4.44,-9.84,-0.12,0.52,-0.77
-0.77,-8.29,-5.61,1.46,-3.85,4.22
-2.49,-7.05,-8.83,-1.73,1.24,-3.22
-1.70,-5.82,-6.22,0.79,1.23,2.60
0.13,-6.36,-5.38,1.83,-0.54,0.84
-0.61,-6.12,-7.28,-0.74,0.24,-1.89
-2.01,-6.50,-6.49,-1.40,-0.38,0.78
0.33,-6.31,-7.04,2.34,0.19,-0.54
-1.02,-5.71,-8.25,-1.36,0.60,-1.21
-3.02,-4.31,-9.45,-2.00,1.40,-1.20
-1.02,-6.66,-7.45,2.00,-2.35,2.00
-1.51,-8.06,-7.07,-0.48,-1.40,0.38
-2.59,-6.04,-8.16,-1.08,2.02,-1.09
-0.23,-6.20,-5.59,2.36,-0.15,2.57
-1.49,-4.85,-7.71,-1.26,1.34,-2.12
-0.20,-6.20,-5.84,1.29,-1.35,1.87
0.57,-7.28,-5.99,0.77,-1.08,-0.15
-0.85,-6.74,-7.75,-1.41,0.53,-1.76
-1.55,-7.39,-6.23,-0.71,-0.65,1.53
-1.97,-7.10,-6.98,-0.42,0.29,-0.75
-1.58,-7.02,-7.12,0.39,0.08,-0.14
-1.49,-6.62,-6.68,0.09,0.40,0.44
-1.49,-6.79,-6.71,0.00,-0.17,-0.04
-0.93,-7.00,-6.67,0.56,-0.22,0.05
-1.41,-6.43,-6.97,-0.49,0.58,-0.30
-1.03,-6.87,-6.46,0.38,-0.44,0.51
-1.55,-6.98,-6.79,-0.52,-0.11,-0.33
-1.28,-7.37,-6.33,0.27,-0.39,0.46
-1.32,-7.17,-6.35,-0.04,0.20,-0.02
-1.52,-6.48,-6.99,-0.21,0.68,-0.64
-1.06,-6.74,-6.46,0.46,-0.26,0.53
-1.39,-7.02,-6.79,-0.33,-0.28,-0.33
-0.84,-7.87,-5.57,0.55,-0.85,1.22
-1.35,-6.71,-7.09,-0.51,1.16,-1.53
-3.35,-4.20,-8.53,-2.00,2.51,-1.43
0.62,-7.72,-3.28,3.97,-3.52,5.25
-0.35,-5.76,-8.97,-0.97,1.96,-5.69
-3.25,-3.55,-9.87,-2.90,2.21,-0.91
-2.55,-3.74,-8.76,0.70,-0.19,1.11
-0.89,-5.66,-7.55,1.66,-1.91,1.21
-1.75,-6.62,-6.85,-0.86,-0.96,0.69
-1.40,-7.30,-6.07,0.36,-0.68,0.79
-1.12,-7.01,-6.09,0.28,0.30,-0.02
-1.83,-6.63,-6.51,-0.71,0.38,-0.42
-1.45,-5.63,-6.87,0.38,1.00,-0.36
-1.45,-6.95,-7.46,0.00,-1.32,-0.59
-0.98,-6.32,-7.14,0.46,0.63,0.32
-1.76,-5.98,-7.23,-0.78,0.34,-0.09
-1.24,-6.69,-7.24,0.52,-0.72,-0.01
-1.46,-8.86,-6.58,-0.22,-2.16,0.66
-3.16,-6.40,-8.23,-1.70,2.45,-1.64
-2.01,-6.11,-5.86,1.15,0.30,2.37
-1.42,-5.75,-6.49,0.58,0.35,-0.63
-2.14,-6.16,-7.15,-0.71,-0.41,-0.66
-1.53,-7.26,-5.87,0.60,-1.10,1.28
-0.18,-7.23,-6.41,1.36,0.02,-0.54
-2.47,-5.54,-8.22,-2.29,1.69,-1.81
-2.18,-5.95,-8.05,0.29,-0.41,0.17
-0.94,-7.86,-6.04,1.24,-1.91,2.01
-3.07,-6.96,-7.54,-2.12,0.91,-1.51
-2.47,-6.36,-6.56,0.59,0.60,0.98
-1.61,-6.34,-6.13,0.86,0.01,0.43
-2.32,-5.18,-7.13,-0.72,1.17,-0.99
-2.18,-7.59,-5.41,0.14,-2.41,1.71
-0.08,-6.41,-7.05,2.10,1.18,-1.64
-1.51,-6.73,-6.88,-1.42,-0.32,0.17
-2.61,-5.52,-8.60,-1.10,1.21,-1.73
-1.68,-6.52,-7.32,0.93,-1.00,1.29
-2.21,-7.06,-6.23,-0.53,-0.54,1.08
-3.11,-6.57,-7.48,-0.90,0.48,-1.24
-1.59,-7.10,-5.81,1.52,-0.53,1.66
-2.27,-5.57,-6.88,-0.68,1.53,-1.07
-2.64,-6.39,-6.60,-0.37,-0.82,0.28
-0.79,-6.75,-6.83,1.86,-0.36,-0.23
-0.38,-6.10,-7.83,0.40,0.66,-1.00
-1.95,-5.52,-7.92,-1.56,0.57,-0.08
-1.98,-5.81,-8.34,-0.03,-0.29,-0.43
-2.66,-6.39,-8.06,-0.68,-0.58,0.28
-2.96,-6.25,-7.04,-0.30,0.14,1.02
-1.81,-6.55,-6.81,1.15,-0.29,0.24
-1.35,-6.37,-5.88,0.45,0.18,0.93
-1.07,-5.11,-6.76,0.28,1.25,-0.88
-0.99,-6.43,-5.42,0.08,-1.31,1.34
-0.62,-5.78,-7.07,0.37,0.65,-1.64
-0.89,-5.98,-9.07,-0.27,-0.21,-2.00
-2.28,-5.49,-8.46,-1.39,0.50,0.61
-1.27,-5.88,-7.71,1.01,-0.39,0.75
-0.80,-6.78,-7.65,0.47,-0.90,0.07
0.66,-5.30,-7.38,1.46,1.47,0.27
2.93,-5.75,-6.49,2.27,-0.45,0.89
-0.39,-6.27,-8.73,-3.32,-0.51,-2.24
1.17,-7.71,-6.81,1.56,-1.45,1.92
4.24,-6.37,-7.97,3.07,1.35,-1.16
2.23,-6.85,-6.36,-2.01,-0.48,1.61
3.99,-7.80,-6.86,1.76,-0.95,-0.50
3.86,-9.30,-6.80,-0.13,-1.51,0.06
3.14,-7.00,-5.14,-0.72,2.31,1.66
10.29,-6.05,-4.05,7.14,0.95,1.09
8.68,-7.32,-2.95,-1.61,-1.28,1.10
5.61,-5.99,-5.26,-3.07,1.33,-2.31
8.40,-5.15,0.23,2.79,0.84,5.49
7.20,-5.62,3.73,-1.20,-0.47,3.50
7.42,-4.45,-2.07,0.22,1.17,-5.79
8.15,-5.47,-0.56,0.72,-1.02,1.51
6.77,-6.44,5.80,-1.38,-0.96,6.36
10.05,-6.76,4.58,3.28,-0.32,-1.22
5.81,-10.37,6.26,-4.24,-3.61,1.68
11.80,-1.75,-1.51,6.00,8.62,-7.77
10.16,-4.90,3.67,-1.64,-3.15,5.18
2.69,-8.19,6.67,-7.47,-3.29,3.00
9.03,-0.25,6.95,6.34,7.93,0.28
8.97,-1.46,8.38,-0.06,-1.20,1.43
4.98,-0.54,6.86,-4.00,0.92,-1.52
3.39,-3.02,6.32,-1.59,-2.48,-0.54
4.05,-5.11,7.98,0.67,-2.09,1.66
9.82,-6.18,9.52,5.77,-1.07,1.54
12.98,-4.99,11.94,3.16,1.19,2.42
7.06,-5.74,8.81,-5.93,-0.75,-3.13
9.61,-1.94,5.50,2.55,3.80,-3.30
4.37,-3.56,7.86,-5.24,-1.62,2.36
2.79,-2.80,4.99,-1.58,0.76,-2.87
5.74,0.20,6.94,2.95,3.00,1.95
4.89,-0.52,5.03,-0.85,-0.72,-1.92
1.93,-5.13,3.69,-2.96,-4.60,-1.33
8.96,-5.40,12.47,7.03,-0.28,8.78
8.79,-4.53,11.33,-0.17,0.87,-1.14
7.45,-5.03,9.82,-1.34,-0.50,-1.52
10.26,-5.54,13.34,2.81,-0.51,3.52
4.76,-3.28,4.87,-5.50,2.26,-8.47
4.21,-1.19,6.83,-0.55,2.09,1.96
3.02,-1.20,6.98,-1.19,-0.01,0.15
1.62,0.75,5.37,-1.40,1.95,-1.61
2.22,-1.06,7.40,0.60,-1.81,2.03
3.88,-3.67,7.32,1.66,-2.61,-0.08
6.56,-4.02,10.03,2.68,-0.35,2.71
5.27,-4.79,9.35,-1.29,-0.77,-0.68
8.96,-6.27,14.19,3.68,-1.48,4.83
5.59,-7.28,12.79,-3.37,-1.01,-1.39
6.39,-4.14,8.48,0.80,3.14,-4.32
0.49,-2.01,2.98,-5.90,2.13,-5.49
2.98,-0.90,7.35,2.49,1.11,4.37
2.67,-0.05,7.35,-0.31,0.85,0.01
2.46,-0.40,5.52,-0.21,-0.35,-1.83
2.46,-6.29,7.77,0.00,-5.88,2.25
6.59,-4.99,11.13,4.13,1.30,3.36
6.72,-5.69,12.83,0.14,-0.70,1.70
5.32,-8.74,13.34,-1.41,-3.05,0.51
5.20,-5.75,9.93,-0.12,2.99,-3.41
3.64,-1.85,6.01,-1.55,3.90,-3.92
1.16,-0.79,5.93,-2.48,1.06,-0.08
1.79,-0.94,7.25,0.63,-0.15,1.33
2.07,-1.49,6.30,0.28,-0.55,-0.95
1.84,-4.76,7.93,-0.23,-3.27,1.62
4.42,-5.84,8.34,2.58,-1.08,0.41
5.92,-5.37,9.88,1.50,0.47,1.53
7.26,-8.42,16.53,1.34,-3.06,6.66
6.36,-9.89,13.18,-0.90,-1.47,-3.36
5.58,-6.58,8.03,-0.77,3.31,-5.15
0.33,-2.01,2.83,-5.25,4.58,-5.19
0.89,-1.09,6.54,0.56,0.92,3.70
1.53,-0.40,8.01,0.65,0.68,1.47
-0.39,-1.13,4.42,-1.92,-0.73,-3.59
4.89,-5.04,13.60,5.28,-3.91,9.17
5.32,-4.22,12.90,0.43,0.82,-0.70
1.94,-3.95,7.50,-3.38,0.27,-5.40
3.76,-3.66,11.84,1.82,0.29,4.34
3.09,-2.53,10.11,-0.67,1.13,-1.73
1.94,-2.25,6.46,-1.14,0.28,-3.65
2.86,-3.19,10.41,0.92,-0.94,3.95
2.26,-2.65,9.45,-0.60,0.54,-0.95
2.54,-3.18,9.48,0.28,-0.53,0.02
2.92,-3.63,10.26,0.38,-0.45,0.79
2.49,-3.06,8.98,-0.43,0.57,-1.29
2.94,-4.07,9.97,0.45,-1.01,1.00
3.50,-3.22,9.96,0.56,0.85,-0.02
2.27,-3.96,8.24,-1.23,-0.74,-1.71
2.76,-4.40,9.09,0.48,-0.45,0.84
2.72,-4.71,8.20,-0.04,-0.31,-0.88
3.06,-4.70,5.55,0.34,0.02,-2.66
3.62,-4.35,7.95,0.56,0.34,2.41
5.54,-4.73,7.48,1.93,-0.38,-0.47
4.54,-8.05,5.00,-1.00,-3.32,-2.48
3.07,-8.03,7.57,-1.47,0.02,2.57
4.03,-8.09,4.02,0.96,-0.06,-3.55
5.46,-8.37,0.56,1.43,-0.27,-3.46
3.77,-9.29,2.12,-1.69,-0.93,1.56
4.15,-7.99,-2.11,0.39,1.30,-4.23
6.51,-7.23,-3.33,2.36,0.77,-1.22
6.27,-6.61,-5.02,-0.25,0.62,-1.69
7.79,-6.51,-5.96,1.52,0.09,-0.94
5.85,-5.07,-7.39,-1.94,1.45,-1.43
4.93,-2.10,-7.66,-0.92,2.96,-0.28
11.95,-5.83,-6.46,7.02,-3.72,1.20
8.33,-2.58,-9.69,-3.62,3.25,-3.23
8.40,0.61,-7.74,0.06,3.19,1.95
7.52,-1.52,-7.02,-0.88,-2.13,0.72
6.43,-2.21,-7.36,-1.09,-0.68,-0.34
6.43,-1.09,-7.21,-0.00,1.12,0.16
7.07,-1.94,-6.65,0.64,-0.85,0.56
5.40,-3.13,-7.16,-1.66,-1.19,-0.51
5.80,-2.30,-7.25,0.40,0.83,-0.10
6.82,-2.45,-7.02,1.02,-0.15,0.23
6.26,-2.32,-7.42,-0.56,0.12,-0.40
6.08,-2.46,-7.66,-0.18,-0.13,-0.24
5.84,-2.59,-7.40,-0.24,-0.13,0.26
6.29,-2.36,-7.54,0.45,0.24,-0.13
6.30,-2.64,-7.36,0.00,-0.28,0.17
6.07,-2.11,-7.39,-0.23,0.53,-0.03
6.44,-2.07,-7.33,0.37,0.03,0.07
6.20,-2.76,-7.22,-0.24,-0.69,0.11
6.59,-2.21,-7.54,0.39,0.55,-0.32
5.91,-2.47,-7.64,-0.68,-0.25,-0.11
6.48,-2.38,-6.99,0.57,0.08,0.65
7.36,-2.64,-6.58,0.88,-0.25,0.41
7.90,-3.32,-6.55,0.54,-0.69,0.03
9.69,-4.25,-6.63,1.80,-0.93,-0.08
7.64,-4.34,-7.40,-2.05,-0.09,-0.77
7.57,-6.90,-6.21,-0.07,-2.55,1.19
6.11,-5.94,-7.26,-1.46,0.95,-1.05
6.91,-7.79,-3.76,0.80,-1.85,3.51
6.75,-8.22,-2.62,-0.16,-0.43,1.14
5.00,-9.15,-1.57,-1.75,-0.92,1.05
3.82,-10.55,0.84,-1.18,-1.40,2.41
4.02,-8.54,2.12,0.21,2.01,1.28
2.85,-8.38,3.96,-1.17,0.15,1.84
2.12,-7.25,4.80,-0.73,1.13,0.83
3.48,-6.76,5.79,1.36,0.50,0.99
4.54,-6.40,7.40,1.06,0.36,1.62
3.63,-6.58,7.41,-0.91,-0.18,0.01
2.19,-4.09,7.62,-1.44,2.49,0.21
2.04,-2.14,8.44,-0.15,1.95,0.82
3.28,-0.44,9.53,1.24,1.70,1.09
3.57,-0.16,9.67,0.29,0.29,0.14
3.28,-0.95,9.49,-0.30,-0.79,-0.18
3.41,-1.70,9.37,0.13,-0.75,-0.12
4.40,-2.78,9.30,0.99,-1.08,-0.06
4.62,-3.67,9.06,0.22,-0.89,-0.25
4.99,-3.90,9.08,0.38,-0.23,0.02
4.79,-3.86,8.90,-0.20,0.04,-0.18
3.87,-3.86,8.78,-0.93,0.00,-0.11
3.75,-2.68,8.71,-0.12,1.18,-0.07
2.64,-1.40,8.26,-1.11,1.27,-0.45
2.30,-3.07,6.43,-0.33,-1.66,-1.83
4.13,-6.47,5.16,1.83,-3.40,-1.27
6.23,-6.42,3.88,2.10,0.05,-1.28
4.59,-8.22,0.96,-1.64,-1.80,-2.91
6.22,-8.36,-0.32,1.63,-0.14,-1.28
6.98,-5.93,-3.15,0.77,2.43,-2.83
7.02,-6.57,-3.99,0.04,-0.64,-0.84
8.85,-8.48,-3.23,1.82,-1.91,0.76
4.08,-6.36,-7.86,-4.76,2.12,-4.63
5.57,-2.35,-8.53,1.48,4.01,-0.67
11.13,-7.12,-6.27,5.56,-4.76,2.26
6.10,-3.99,-10.21,-5.03,3.12,-3.94
7.88,-0.96,-8.99,1.78,3.03,1.22
5.56,-5.25,-7.81,-2.32,-4.29,1.18
4.23,-4.56,-8.37,-1.33,0.69,-0.57
4.62,-3.73,-8.36,0.39,0.83,0.02
3.61,-4.57,-7.59,-1.01,-0.84,0.77
3.03,-4.84,-7.77,-0.58,-0.27,-0.18
3.44,-4.57,-7.76,0.41,0.27,0.01
3.35,-4.81,-7.68,-0.09,-0.24,0.08
3.67,-5.14,-7.69,0.32,-0.33,-0.01
3.45,-4.73,-7.81,-0.23,0.40,-0.13
3.53,-4.58,-7.97,0.09,0.15,-0.15
3.62,-5.03,-7.69,0.08,-0.44,0.27
3.62,-4.78,-7.71,0.00,0.24,-0.02
3.89,-4.96,-7.55,0.27,-0.18,0.16
3.53,-5.27,-7.66,-0.36,-0.31,-0.11
4.67,-5.93,-7.77,1.14,-0.66,-0.11
4.13,-9.52,-6.60,-0.55,-3.59,1.17
5.21,-7.42,-8.43,1.08,2.10,-1.83
5.69,-6.56,-6.94,0.48,0.86,1.50
7.22,-9.40,-5.02,1.53,-2.84,1.91
4.83,-8.35,-6.55,-2.40,1.04,-1.52
4.87,-7.92,-4.12,0.04,0.43,2.42
7.41,-8.43,-0.53,2.54,-0.51,3.59
4.28,-9.28,-0.29,-3.13,-0.85,0.23
4.13,-9.83,2.18,-0.15,-0.55,2.48
-0.71,-7.42,4.38,-4.83,2.41,2.20
0.16,-8.09,5.20,0.87,-0.67,0.82
0.78,-6.98,6.48,0.61,1.11,1.28
0.70,-6.61,6.63,-0.07,0.37,0.15
3.61,-5.77,9.76,2.90,0.84,3.13
2.48,-2.54,7.73,-1.13,3.23,-2.04
1.98,-0.10,8.75,-0.50,2.44,1.03
3.40,1.62,9.71,1.42,1.72,0.96
2.09,1.42,9.31,-1.31,-0.20,-0.40
2.96,-0.05,9.98,0.87,-1.47,0.67
2.39,-1.64,8.37,-0.57,-1.59,-1.61
3.55,-4.06,10.25,1.16,-2.42,1.88
3.23,-5.16,8.87,-0.33,-1.09,-1.39
3.39,-5.72,8.77,0.17,-0.57,-0.09
3.41,-6.06,8.52,0.02,-0.34,-0.25
3.71,-5.91,8.19,0.29,0.15,-0.33
3.58,-5.52,8.25,-0.13,0.39,0.06
4.83,-5.02,8.93,1.25,0.50,0.68
2.97,-4.20,7.55,-1.86,0.82,-1.38
3.35,-4.08,8.19,0.38,0.12,0.64
3.83,-4.67,8.29,0.48,-0.59,0.10
3.24,-4.44,7.39,-0.60,0.23,-0.90
4.59,-4.53,6.93,1.36,-0.09,-0.46
4.62,-3.60,6.10,0.03,0.93,-0.83
2.38,-6.92,3.52,-2.25,-3.32,-2.58
6.29,-9.40,2.93,3.91,-2.49,-0.59
4.27,-9.90,1.58,-2.02,-0.49,-1.35
2.86,-11.77,-0.49,-1.41,-1.87,-2.08
4.80,-11.33,-2.95,1.94,0.44,-2.46
0.26,-7.16,-8.06,-4.54,4.17,-5.11
8.25,-9.13,-6.37,7.99,-1.98,1.69
-0.40,-16.79,-3.39,-8.65,-7.66,2.99
5.28,-5.22,-7.15,5.67,11.57,-3.77
3.06,-2.61,-9.07,-2.22,2.61,-1.92
5.08,-5.69,-5.65,2.02,-3.08,3.43
3.76,-4.87,-6.59,-1.32,0.82,-0.94
3.04,-4.40,-7.00,-0.72,0.48,-0.41
4.88,-5.99,-6.49,1.84,-1.59,0.51
3.76,-6.85,-6.12,-1.12,-0.87,0.38
2.81,-6.41,-7.09,-0.95,0.45,-0.97
5.06,-6.88,-7.35,2.25,-0.47,-0.26
2.55,-7.02,-7.27,-2.51,-0.13,0.08
3.00,-7.30,-6.37,0.45,-0.28,0.91
3.58,-7.11,-6.22,0.58,0.19,0.15
2.84,-5.89,-6.10,-0.74,1.21,0.12
2.53,-6.93,-6.37,-0.31,-1.03,-0.27
3.98,-6.91,-5.94,1.45,0.02,0.42
3.10,-6.40,-5.75,-0.88,0.51,0.20
4.78,-7.27,-4.81,1.67,-0.88,0.93
3.29,-6.75,-5.71,-1.48,0.52,-0.90
3.27,-7.68,-5.76,-0.03,-0.93,-0.05
5.17,-8.36,-3.46,1.91,-0.68,2.30
4.81,-7.58,-4.58,-0.37,0.79,-1.12
0.30,-9.12,-7.03,-4.51,-1.54,-2.46
-0.23,-8.68,-5.19,-0.53,0.44,1.84
7.67,-8.07,-1.73,7.90,0.61,3.46
1.78,-7.33,-8.43,-5.89,0.74,-6.70
4.80,-7.61,-9.68,3.02,-0.29,-1.25
4.73,-10.89,5.76,-0.07,-3.28,15.44
-0.04,-5.52,-10.33,-4.77,5.37,-16.09
2.21,-13.33,-0.11,2.25,-7.81,10.22
-3.84,-5.37,-12.00,-6.05,7.96,-11.89
1.64,-7.06,-8.96,5.49,-1.69,3.04
5.65,-9.15,-10.66,4.00,-2.09,-1.70
2.27,-3.55,-8.23,-3.38,5.60,2.44
2.04,-4.23,-10.36,-0.23,-0.68,-2.13
2.18,-8.08,-5.67,0.13,-3.85,4.69
5.76,-0.94,-14.07,3.58,7.14,-8.40
-1.21,-10.41,3.41,-6.96,-9.47,17.48
5.96,-6.44,-4.75,7.17,3.97,-8.16
2.71,-0.36,-6.15,-3.26,6.08,-1.40
5.16,-11.32,-6.43,2.46,-10.95,-0.28
4.30,-5.09,-6.48,-0.86,6.22,-0.04
4.71,-7.07,-7.48,0.41,-1.98,-1.00
7.63,-6.12,-3.81,2.91,0.95,3.67
9.08,-7.24,-2.06,1.45,-1.11,1.75
11.34,-8.42,-1.17,2.26,-1.18,0.89
9.38,-9.45,-5.97,-1.96,-1.03,-4.80
8.12,-6.88,1.69,-1.26,2.57,7.66
4.72,-6.21,-0.56,-3.40,0.67,-2.25
-5.20,-7.24,4.32,-9.92,-1.02,4.88
-5.03,-7.39,2.36,0.17,-0.16,-1.96
-8.91,-10.51,2.82,-3.88,-3.12,0.45
-5.96,-8.98,0.93,2.95,1.54,-1.88
-5.77,-10.00,1.59,0.19,-1.02,0.66
-3.51,-9.71,2.28,2.26,0.29,0.69
-3.67,-9.03,-0.37,-0.16,0.67,-2.65
-3.41,-8.08,-0.69,0.26,0.96,-0.32
-3.98,-7.92,-0.13,-0.57,0.16,0.56
-4.34,-8.45,-0.18,-0.36,-0.53,-0.05
-4.36,-8.79,0.14,-0.02,-0.34,0.33
-4.36,-8.80,0.11,0.01,-0.01,-0.03
-4.23,-8.87,-0.10,0.12,-0.07,-0.21
-4.45,-8.57,0.14,-0.22,0.30,0.24
-4.20,-8.49,0.17,0.25,0.08,0.03
-4.20,-8.62,0.06,0.00,-0.13,-0.11
-4.44,-8.70,0.21,-0.24,-0.08,0.16
-4.64,-8.34,-0.07,-0.20,0.35,-0.29
-4.58,-8.17,0.01,0.05,0.18,0.09
-4.62,-8.47,0.19,-0.03,-0.30,0.17
-4.50,-8.32,0.03,0.12,0.15,-0.15
-4.29,-8.36,0.10,0.21,-0.04,0.06
-4.49,-8.93,0.24,-0.20,-0.58,0.14
-4.89,-8.91,0.28,-0.40,0.03,0.05
-4.99,-8.79,0.27,-0.10,0.11,-0.02
-4.79,-8.27,-0.04,0.19,0.53,-0.31
-4.34,-8.09,0.06,0.46,0.18,0.10
-4.37,-8.69,0.05,-0.04,-0.60,-0.01
-4.41,-8.60,-0.08,-0.04,0.09,-0.12
-4.42,-8.86,0.12,-0.01,-0.26,0.20
-4.47,-8.87,-0.15,-0.05,-0.01,-0.27
-4.61,-8.45,-0.17,-0.14,0.42,-0.02
-4.86,-7.82,-0.18,-0.25,0.63,-0.01
-5.14,-7.70,-0.19,-0.28,0.12,-0.01
-4.70,-7.06,-0.12,0.45,0.63,0.07
-4.69,-6.46,-0.32,0.01,0.60,-0.19
-4.63,-6.25,-0.25,0.06,0.22,0.06
-3.24,-7.76,-0.44,1.38,-1.51,-0.19
-3.54,-11.70,-0.30,-0.30,-3.94,0.14
-2.72,-13.74,0.96,0.82,-2.04,1.26
-3.94,-14.10,2.93,-1.22,-0.36,1.97
-5.36,-10.13,2.51,-1.41,3.97,-0.42
-5.39,-8.65,3.21,-0.04,1.48,0.70
-5.46,-6.11,2.58,-0.07,2.54,-0.62
-6.19,-4.32,1.49,-0.73,1.79,-1.10
-6.77,-3.29,1.27,-0.58,1.03,-0.22
-6.95,-3.67,0.43,-0.18,-0.38,-0.84
-6.42,-5.97,0.98,0.53,-2.30,0.56
-4.67,-8.31,0.89,1.75,-2.34,-0.10
-3.56,-13.28,2.22,1.12,-4.97,1.34
-3.01,-15.26,2.43,0.55,-1.98,0.21
-3.87,-12.55,1.76,-0.86,2.71,-0.68
-5.17,-8.48,1.71,-1.30,4.08,-0.05
-6.33,-4.75,0.91,-1.16,3.72,-0.81
-7.14,-2.90,0.13,-0.80,1.86,-0.78
-6.68,-4.11,-0.33,0.46,-1.21,-0.46
-5.94,-6.79,0.21,0.74,-2.68,0.54
-5.08,-8.85,0.61,0.86,-2.06,0.40
-4.90,-9.41,0.61,0.17,-0.57,-0.00
-5.28,-9.00,0.71,-0.38,0.41,0.10
-5.68,-7.49,0.63,-0.40,1.51,-0.08
-6.30,-6.45,0.24,-0.62,1.04,-0.39
-6.78,-5.60,0.39,-0.48,0.85,0.16
-7.01,-5.87,1.46,-0.23,-0.27,1.06
-6.09,-8.40,-0.19,0.92,-2.53,-1.65
-4.88,-10.33,-0.19,1.20,-1.92,0.01
-5.15,-9.56,-2.12,-0.27,0.77,-1.93
-4.33,-10.57,0.37,0.83,-1.02,2.49
-4.33,-11.04,-0.60,-0.00,-0.47,-0.97
-4.86,-10.74,-0.92,-0.53,0.30,-0.32
-5.77,-8.53,-1.16,-0.91,2.21,-0.24
-6.13,-4.94,-0.72,-0.37,3.59,0.44
-6.80,-2.47,-0.80,-0.67,2.47,-0.08
-7.77,-1.74,-1.50,-0.97,0.72,-0.70
-7.44,-2.65,-1.52,0.33,-0.91,-0.01
-6.89,-5.37,-1.09,0.55,-2.72,0.42
-5.22,-8.31,-0.83,1.67,-2.94,0.26
-4.09,-12.52,-1.25,1.13,-4.21,-0.42
-4.50,-13.59,-1.44,-0.41,-1.07,-0.19
-5.18,-10.07,-0.61,-0.68,3.52,0.84
-6.55,-6.11,-0.35,-1.36,3.96,0.26
-7.68,-3.32,-0.32,-1.13,2.79,0.03
-7.94,-2.84,-0.30,-0.27,0.48,0.02
-7.43,-3.68,-1.17,0.51,-0.84,-0.87
-7.03,-5.81,-1.32,0.40,-2.13,-0.16
-6.16,-7.66,-1.35,0.87,-1.85,-0.02
-6.08,-7.93,-1.27,0.08,-0.26,0.08
-6.44,-7.35,-1.01,-0.36,0.58,0.26
-6.53,-6.93,-0.79,-0.09,0.41,0.22
-6.68,-6.86,-0.67,-0.15,0.08,0.11
-6.77,-6.26,-0.83,-0.10,0.60,-0.16
-6.81,-5.97,-1.01,-0.04,0.29,-0.17
-6.82,-5.63,-0.93,-0.01,0.34,0.07
-6.69,-4.83,-0.96,0.13,0.80,-0.02
-6.38,-4.24,-0.39,0.32,0.60,0.57
-6.22,-4.88,-0.53,0.15,-0.64,-0.15
-5.77,-7.16,-0.39,0.45,-2.28,0.14
-5.54,-8.91,1.16,0.24,-1.75,1.55
-5.11,-10.75,1.71,0.42,-1.84,0.56
-5.32,-10.61,1.70,-0.20,0.14,-0.01
-3.60,-11.21,0.89,1.72,-0.60,-0.81
-4.31,-10.33,1.43,-0.71,0.88,0.54
-4.27,-9.16,2.10,0.03,1.17,0.67
-6.28,-7.16,2.55,-2.01,2.00,0.45
-8.05,-3.45,3.08,-1.77,3.71,0.54
-8.26,-2.69,3.43,-0.21,0.76,0.34
-7.35,-4.83,3.64,0.91,-2.14,0.22
-6.26,-7.22,3.21,1.09,-2.39,-0.44
-5.95,-7.93,2.64,0.30,-0.70,-0.57
-5.73,-8.58,2.59,0.23,-0.65,-0.05
-4.65,-10.06,2.69,1.07,-1.48,0.10
-4.38,-11.07,2.91,0.28,-1.00,0.22
-5.50,-8.19,2.56,-1.12,2.87,-0.35
-6.87,-4.37,2.42,-1.37,3.83,-0.14
-7.96,-2.32,2.44,-1.09,2.04,0.02
-7.33,-3.55,2.17,0.63,-1.22,-0.27
-6.03,-7.07,2.60,1.30,-3.52,0.44
-5.24,-9.06,2.54,0.79,-1.99,-0.06
-5.32,-9.57,2.55,-0.08,-0.51,0.01
-5.60,-7.92,2.81,-0.28,1.65,0.26
-6.65,-6.09,3.53,-1.05,1.84,0.73
-6.28,-6.77,2.55,0.37,-0.68,-0.98
-5.47,-6.73,1.69,0.82,0.05,-0.86
-6.27,-9.16,2.86,-0.81,-2.43,1.17
-3.74,-9.00,-0.05,2.53,0.15,-2.91
-4.23,-9.55,1.43,-0.49,-0.55,1.49
-4.94,-9.34,1.10,-0.71,0.21,-0.34
-4.20,-7.17,0.34,0.74,2.17,-0.75
-5.75,-8.01,1.90,-1.55,-0.85,1.55
-3.86,-6.96,0.69,1.89,1.05,-1.20
-4.39,-7.68,1.70,-0.53,-0.71,1.01
-4.73,-7.99,2.26,-0.34,-0.32,0.56
-5.99,-7.90,1.78,-1.26,0.09,-0.49
-5.35,-7.37,1.80,0.64,0.53,0.02
-5.94,-8.05,2.81,-0.59,-0.68,1.01
-5.20,-7.98,1.96,0.74,0.07,-0.85
-5.04,-8.07,1.54,0.17,-0.09,-0.42
-5.79,-8.55,2.09,-0.75,-0.48,0.55
-4.79,-7.95,1.96,1.00,0.60,-0.13
-5.40,-8.02,1.85,-0.61,-0.07,-0.11
-5.44,-7.68,1.69,-0.04,0.34,-0.16
-5.27,-7.32,1.64,0.16,0.36,-0.05
-5.92,-7.92,2.33,-0.65,-0.60,0.69
-5.33,-7.87,2.38,0.59,0.05,0.05
-5.72,-8.03,1.88,-0.40,-0.17,-0.51
-5.70,-7.99,1.70,0.02,0.04,-0.18
-5.81,-7.39,2.06,-0.11,0.60,0.37
-5.64,-7.51,1.55,0.17,-0.12,-0.51
-5.87,-8.27,1.98,-0.23,-0.75,0.43
-3.04,-9.49,3.59,2.83,-1.22,1.61
-6.06,-9.05,1.83,-3.02,0.44,-1.76
-6.55,-6.13,2.65,-0.49,2.93,0.82
-7.38,-2.93,2.46,-0.83,3.20,-0.19
-7.69,-3.66,2.22,-0.32,-0.73,-0.24
-5.91,-7.26,3.17,1.79,-3.60,0.95
-4.47,-12.64,2.54,1.43,-5.38,-0.63
-4.70,-11.75,2.52,-0.23,0.89,-0.02
-5.82,-7.57,1.64,-1.12,4.18,-0.89
-7.21,-2.82,2.64,-1.38,4.75,1.01
-8.99,-0.74,2.60,-1.78,2.08,-0.05
-8.43,-0.87,1.60,0.55,-0.13,-1.00
-6.38,-6.27,2.58,2.05,-5.40,0.99
-4.67,-12.00,2.10,1.71,-5.73,-0.48
-5.44,-13.97,1.95,-0.77,-1.97,-0.15
-5.44,-8.84,1.77,0.00,5.12,-0.18
-6.86,-4.23,2.56,-1.42,4.61,0.79
-8.43,-2.15,3.19,-1.56,2.08,0.63
-8.17,-2.38,2.29,0.26,-0.22,-0.90
-6.74,-7.48,2.31,1.43,-5.10,0.02
-5.64,-13.28,1.59,1.10,-5.81,-0.73
-6.04,-9.18,0.84,-0.41,4.11,-0.75
-6.74,-3.23,1.48,-0.70,5.95,0.65
-8.55,-1.40,3.22,-1.81,1.83,1.74
-8.17,-1.37,2.18,0.38,0.03,-1.04
-6.50,-5.87,2.58,1.67,-4.50,0.40
-5.75,-9.25,1.94,0.75,-3.38,-0.64
-5.24,-10.50,1.96,0.51,-1.24,0.02
-5.36,-8.70,2.31,-0.13,1.80,0.35
-6.13,-6.68,2.43,-0.76,2.02,0.12
-6.50,-6.16,2.77,-0.37,0.52,0.34
-6.93,-5.44,2.33,-0.43,0.73,-0.44
-6.09,-7.28,2.41,0.84,-1.84,0.08
-4.91,-10.03,2.69,1.18,-2.75,0.27
-5.15,-9.41,2.36,-0.24,0.62,-0.32
-5.98,-6.85,2.42,-0.83,2.56,0.06
-6.88,-4.16,2.60,-0.90,2.69,0.18
-6.92,-4.21,2.24,-0.04,-0.05,-0.36
-6.19,-7.08,2.64,0.73,-2.87,0.40
-5.26,-9.44,2.93,0.93,-2.36,0.30
-4.91,-10.02,2.79,0.35,-0.58,-0.14
-5.36,-8.09,2.66,-0.45,1.93,-0.13
-6.30,-6.13,2.79,-0.94,1.96,0.13
-6.60,-5.24,2.35,-0.30,0.89,-0.44
-6.72,-5.50,2.30,-0.12,-0.26,-0.05
-4.64,-10.46,3.02,2.08,-4.96,0.73
-3.33,-14.15,2.75,1.31,-3.69,-0.27
-4.93,-10.41,2.90,-1.61,3.74,0.15
-7.01,-3.31,2.70,-2.08,7.10,-0.20
-8.05,-1.28,2.34,-1.04,2.03,-0.37
-8.17,-2.69,1.81,-0.12,-1.41,-0.53
-7.06,-5.83,2.35,1.11,-3.14,0.54
-5.96,-8.47,1.98,1.10,-2.64,-0.37
-5.89,-8.21,1.62,0.07,0.27,-0.36
-6.12,-6.56,2.14,-0.23,1.64,0.53
-6.46,-5.77,1.98,-0.34,0.79,-0.16
-6.59,-5.04,2.25,-0.13,0.73,0.27
-5.56,-7.35,4.34,1.02,-2.30,2.09
-6.88,-7.59,2.13,-1.32,-0.25,-2.21
-6.30,-6.28,2.46,0.58,1.31,0.33
-5.27,-8.74,2.30,1.02,-2.46,-0.16
-5.46,-9.13,2.64,-0.19,-0.39,0.33
-4.19,-10.91,2.64,1.27,-1.78,0.00
-4.76,-12.01,2.69,-0.57,-1.10,0.05
-5.34,-8.98,2.36,-0.58,3.03,-0.33
-6.39,-5.15,2.40,-1.05,3.84,0.03
-7.74,-2.50,2.12,-1.35,2.65,-0.28
-8.32,-2.42,1.92,-0.58,0.08,-0.20
-8.03,-3.21,1.49,0.28,-0.79,-0.43
-7.58,-3.60,1.33,0.45,-0.40,-0.15
-6.14,-4.35,1.87,1.45,-0.75,0.54
-5.16,-10.20,2.92,0.98,-5.85,1.05
-3.95,-11.67,2.09,1.20,-1.47,-0.84
-5.12,-10.50,3.09,-1.17,1.17,1.01
-5.56,-8.37,2.72,-0.44,2.13,-0.37
-5.63,-7.92,2.91,-0.07,0.45,0.19
-3.76,-12.65,3.29,1.87,-4.72,0.39
-5.84,-11.96,3.08,-2.09,0.68,-0.22
-6.97,-2.50,1.55,-1.13,9.46,-1.53
-7.86,1.18,1.54,-0.90,3.68,-0.01
-8.30,-1.37,1.68,-0.43,-2.55,0.14
-7.01,-5.60,1.34,1.29,-4.23,-0.34
-6.68,-9.17,2.21,0.33,-3.56,0.87
-6.69,-8.31,1.75,-0.01,0.85,-0.46
-6.87,-6.26,1.93,-0.18,2.05,0.18
-7.16,-5.31,2.04,-0.29,0.95,0.11
-7.32,-4.93,1.58,-0.16,0.38,-0.46
-7.44,-4.56,1.42,-0.12,0.37,-0.16
-7.98,-4.27,2.58,-0.54,0.29,1.16
-7.32,-3.31,1.82,0.66,0.96,-0.77
-5.47,-7.73,2.43,1.86,-4.42,0.62
-4.83,-10.00,2.30,0.64,-2.26,-0.14
-4.55,-10.54,2.08,0.28,-0.54,-0.21
-4.95,-10.71,2.73,-0.40,-0.17,0.65
-4.67,-11.27,2.72,0.28,-0.56,-0.01
-5.37,-10.40,3.24,-0.70,0.87,0.52
-6.28,-6.81,2.36,-0.90,3.60,-0.89
-7.80,-2.40,2.22,-1.53,4.40,-0.13
-8.51,-0.30,1.80,-0.71,2.10,-0.42
-8.84,-0.68,1.34,-0.34,-0.39,-0.46
-8.07,-3.22,1.80,0.78,-2.53,0.46
-6.11,-3.56,2.28,1.96,-0.34,0.47
-7.24,-6.52,2.38,-1.13,-2.96,0.11
-5.07,-9.48,2.63,2.16,-2.95,0.25
-4.44,-10.49,2.55,0.63,-1.01,-0.08
-5.36,-10.17,2.70,-0.92,0.32,0.15
-5.95,-8.11,2.87,-0.59,2.07,0.17
-6.18,-7.28,2.96,-0.23,0.83,0.09
-6.62,-6.76,2.92,-0.44,0.52,-0.04
-6.55,-6.07,2.66,0.07,0.68,-0.26
-6.51,-6.54,2.70,0.03,-0.47,0.04
-6.56,-6.63,2.89,-0.05,-0.09,0.20
-7.11,-7.47,4.13,-0.54,-0.85,1.24
-6.38,-8.05,4.13,0.73,-0.57,-0.00
-6.77,-7.24,4.79,-0.39,0.81,0.66
-6.21,-9.13,5.45,0.56,-1.90,0.66
-6.64,-8.33,5.55,-0.44,0.80,0.10
-6.94,-8.24,4.43,-0.30,0.09,-1.12
-4.39,-8.34,2.20,2.55,-0.10,-2.23
-2.79,-8.68,0.14,1.60,-0.34,-2.06
-0.75,-7.56,-0.74,2.04,1.12,-0.89
2.91,-6.30,-1.66,3.66,1.26,-0.92
4.13,-6.06,-3.19,1.22,0.24,-1.53
4.88,-5.61,-1.13,0.76,0.45,2.07
6.31,-3.40,-3.38,1.43,2.21,-2.25
7.95,-4.02,-0.51,1.64,-0.62,2.86
9.08,-4.78,1.89,1.13,-0.76,2.40
9.49,-0.55,-1.17,0.41,4.24,-3.06
7.34,-1.72,2.12,-2.16,-1.18,3.29
6.89,-1.76,3.27,-0.45,-0.03,1.16
12.62,2.30,-0.31,5.74,4.05,-3.58
6.77,-0.45,5.12,-5.85,-2.75,5.43
6.97,1.96,4.90,0.20,2.41,-0.22
11.59,4.02,7.60,4.62,2.06,2.69
10.01,2.15,9.15,-1.58,-1.86,1.56
6.40,2.51,8.04,-3.62,0.36,-1.11
7.50,1.42,9.73,1.10,-1.09,1.69
5.20,1.19,9.30,-2.29,-0.24,-0.43
6.11,1.87,11.22,0.91,0.69,1.92
3.63,1.27,11.31,-2.49,-0.60,0.09
3.82,1.02,10.37,0.19,-0.25,-0.94
3.31,1.04,11.25,-0.50,0.02,0.88
-1.82,1.70,7.14,-5.14,0.66,-4.11
3.70,0.60,13.70,5.52,-1.10,6.56
0.74,-2.09,11.30,-2.96,-2.69,-2.40
2.33,-0.18,11.85,1.60,1.91,0.56
3.58,0.63,9.47,1.24,0.81,-2.38
9.96,3.88,8.20,6.38,3.25,-1.27
6.39,0.86,8.77,-3.57,-3.02,0.57
5.72,1.58,8.40,-0.67,0.72,-0.37
3.82,0.82,9.56,-1.90,-0.77,1.16
5.43,1.07,9.13,1.61,0.25,-0.43
6.56,1.48,8.68,1.13,0.41,-0.46
5.06,1.09,8.95,-1.50,-0.39,0.28
6.11,1.40,8.70,1.05,0.31,-0.26
5.56,1.26,8.88,-0.55,-0.14,0.19
5.34,1.14,9.03,-0.22,-0.12,0.14
5.22,1.11,9.18,-0.12,-0.03,0.15
4.92,1.03,9.21,-0.29,-0.08,0.03
5.69,1.24,8.92,0.77,0.21,-0.29
5.39,1.19,9.07,-0.31,-0.06,0.15
5.40,1.18,9.04,0.02,-0.01,-0.03
5.44,1.16,9.02,0.04,-0.02,-0.01
5.43,1.16,9.05,-0.01,0.00,0.02
5.38,1.15,9.08,-0.04,-0.01,0.03
5.36,1.17,9.03,-0.02,0.01,-0.05
5.36,1.17,9.11,-0.00,0.00,0.08
5.37,1.13,9.06,0.01,-0.04,-0.05
5.37,1.14,9.05,-0.00,0.01,-0.01
5.37,1.15,9.06,0.01,0.01,0.00
5.37,1.16,9.07,-0.00,0.02,0.01
5.39,1.15,9.09,0.02,-0.01,0.02
5.39,1.14,9.04,0.00,-0.01,-0.05
5.35,1.13,9.07,-0.04,-0.01,0.04
5.39,1.15,9.10,0.04,0.02,0.02
5.33,1.16,9.07,-0.06,0.01,-0.02
5.40,1.15,9.03,0.06,-0.01,-0.05
5.43,1.19,9.04,0.04,0.03,0.01
5.38,1.15,9.07,-0.05,-0.04,0.03
5.34,1.16,9.06,-0.04,0.01,-0.01
5.37,1.16,9.11,0.02,0.00,0.04
5.36,1.13,9.10,-0.00,-0.02,-0.00
5.27,1.10,9.09,-0.09,-0.03,-0.02
5.37,1.16,9.09,0.10,0.06,0.00
5.33,1.16,9.11,-0.04,0.00,0.03
5.34,1.16,9.06,0.00,0.00,-0.05
5.36,1.16,9.09,0.02,-0.01,0.02
5.33,1.15,9.09,-0.03,-0.00,0.00
5.30,1.13,9.08,-0.03,-0.02,-0.01
5.34,1.13,9.10,0.04,0.00,0.02
5.37,1.13,9.11,0.03,0.00,0.01
5.28,1.13,9.10,-0.09,0.00,-0.00
5.32,1.15,9.13,0.04,0.01,0.03
5.27,1.11,9.13,-0.04,-0.04,-0.00
5.20,1.07,9.17,-0.07,-0.04,0.04
5.15,1.08,9.16,-0.05,0.01,-0.01
5.32,1.14,9.12,0.16,0.07,-0.05
5.30,1.13,9.10,-0.02,-0.01,-0.02
5.41,1.15,9.11,0.12,0.02,0.01
5.33,1.13,9.13,-0.08,-0.02,0.02
5.39,1.16,9.06,0.06,0.04,-0.07
5.33,1.15,9.13,-0.07,-0.01,0.07
5.32,1.16,9.08,-0.01,0.01,-0.05
5.31,1.14,9.10,-0.01,-0.02,0.02
5.28,1.10,9.15,-0.03,-0.04,0.04
5.29,1.11,9.10,0.01,0.01,-0.05
5.27,1.10,9.11,-0.02,-0.01,0.01
5.29,1.15,9.13,0.02,0.05,0.02
5.30,1.15,9.12,0.01,0.00,-0.00
5.31,1.11,9.13,0.00,-0.04,0.01
5.30,1.11,9.11,-0.01,0.00,-0.03
5.30,1.12,9.13,0.00,0.01,0.02
5.26,1.13,9.12,-0.04,0.01,-0.01
5.26,1.14,9.11,0.00,0.01,-0.00
5.28,1.12,9.17,0.01,-0.02,0.06
5.30,1.08,9.12,0.02,-0.04,-0.05
5.28,1.12,9.12,-0.02,0.04,0.00
5.27,1.13,9.14,-0.01,0.01,0.02
5.28,1.13,9.11,0.01,-0.01,-0.04
5.28,1.12,9.13,0.00,-0.01,0.03
5.29,1.11,9.15,0.01,-0.00,0.01
5.28,1.09,9.15,-0.00,-0.02,0.00
5.24,1.14,9.14,-0.05,0.05,-0.01
5.33,1.13,9.11,0.09,-0.01,-0.03
5.24,1.09,9.14,-0.09,-0.05,0.04
5.26,1.13,9.14,0.02,0.04,-0.00
5.24,1.10,9.16,-0.03,-0.03,0.02
5.28,1.13,9.12,0.04,0.03,-0.04
5.27,1.12,9.15,-0.01,-0.01,0.03
5.26,1.12,9.14,-0.01,-0.00,-0.01
5.23,1.10,9.16,-0.03,-0.02,0.02
5.27,1.09,9.13,0.04,-0.00,-0.03
5.30,1.11,9.14,0.02,0.01,0.00
5.27,1.15,9.15,-0.03,0.04,0.01
5.25,1.12,9.19,-0.02,-0.03,0.05
5.26,1.11,9.14,0.01,-0.01,-0.06
5.28,1.09,9.16,0.02,-0.01,0.02
5.23,1.13,9.18,-0.04,0.04,0.02
5.24,1.13,9.14,0.00,0.00,-0.04
5.18,1.08,9.19,-0.06,-0.05,0.05
5.29,1.10,9.13,0.11,0.02,-0.06
5.20,1.09,9.17,-0.08,-0.01,0.03
5.22,1.10,9.18,0.01,0.01,0.02
5.24,1.15,9.12,0.02,0.05,-0.06
5.28,1.13,9.15,0.04,-0.01,0.03
5.21,1.10,9.19,-0.06,-0.03,0.05
5.20,1.07,9.20,-0.01,-0.02,0.01
5.22,1.08,9.17,0.02,0.01,-0.03
5.24,1.10,9.17,0.01,0.02,-0.00
5.25,1.13,9.17,0.01,0.03,0.00
5.20,1.13,9.16,-0.05,0.00,-0.01
5.20,1.11,9.18,-0.00,-0.03,0.02
5.24,1.07,9.18,0.04,-0.03,0.01
5.24,1.08,9.16,-0.00,0.01,-0.03
5.20,1.13,9.18,-0.04,0.04,0.03
5.23,1.12,9.19,0.03,-0.00,0.01
5.23,1.08,9.18,0.01,-0.04,-0.01
5.22,1.07,9.18,-0.01,-0.01,-0.01
5.22,1.13,9.16,-0.00,0.06,-0.02
5.25,1.11,9.15,0.03,-0.02,-0.01
5.22,1.13,9.11,-0.03,0.01,-0.04
5.21,1.10,9.19,-0.01,-0.03,0.08
5.23,1.08,9.18,0.02,-0.01,-0.01
5.25,1.08,9.16,0.02,0.00,-0.02
5.21,1.10,9.19,-0.03,0.02,0.03
5.19,1.12,9.16,-0.03,0.02,-0.03
5.24,1.12,9.19,0.05,0.00,0.03
5.25,1.09,9.15,0.01,-0.03,-0.04
5.21,1.07,9.19,-0.04,-0.02,0.04
5.18,1.09,9.18,-0.03,0.02,-0.01
5.22,1.09,9.18,0.04,-0.00,-0.00
5.25,1.12,9.16,0.03,0.03,-0.02
5.22,1.11,9.19,-0.02,-0.01,0.04
5.22,1.08,9.19,-0.00,-0.03,-0.00
5.20,1.12,9.16,-0.01,0.04,-0.03
5.22,1.11,9.17,0.02,-0.01,0.01
5.21,1.11,9.17,-0.01,0.00,0.00